Название элемента,Ссылка на фото элемента,Запчасти и ремонт,Снятие и установка,Ссылка на элемент
Acura MDX,https://xn-----elckbca4bdillxfezt3b3h.xn--p1ai/sites/default/files/public/styles/large/public/mdx_10126_crystal_black_pearl_front.png?itok=0C0LJpJx,11 950,3 500,https://ремонт-рулевых-реек.рф/price/acura-mdx
Acura RDX,https://xn-----elckbca4bdillxfezt3b3h.xn--p1ai/sites/default/files/public/styles/large/public/rdx_10142_crystal_black_pearl_front.png?itok=LU923-m4,11 950,3 500,https://ремонт-рулевых-реек.рф/price/acura-rdx
Acura RSX,https://xn-----elckbca4bdillxfezt3b3h.xn--p1ai/sites/default/files/public/styles/large/public/28_1.jpg?itok=xpSxyhBP,11 950,3 500,https://ремонт-рулевых-реек.рф/price/acura-rsx
Acura TL,https://xn-----elckbca4bdillxfezt3b3h.xn--p1ai/sites/default/files/public/styles/large/public/5859.jpg?itok=FvHHvbtS,11 950,3 000,https://ремонт-рулевых-реек.рф/price/acura-tl
Acura TSX,https://xn-----elckbca4bdillxfezt3b3h.xn--p1ai/sites/default/files/public/styles/large/public/tsx.png?itok=mN4yTJQR,12 450,3 000,https://ремонт-рулевых-реек.рф/price/acura-tsx
Acura ZDX,https://xn-----elckbca4bdillxfezt3b3h.xn--p1ai/sites/default/files/public/styles/large/public/usc30acs131a021001.jpg?itok=4R_AV-Dx,12 450,3 500,https://ремонт-рулевых-реек.рф/price/acura-zdx
Alfa Romeo 146,https://xn-----elckbca4bdillxfezt3b3h.xn--p1ai/sites/default/files/public/styles/large/public/novyi.png?itok=r172Vmin,10 950,2 500,https://ремонт-рулевых-реек.рф/price/alfa-romeo-146
Alfa Romeo 147,https://xn-----elckbca4bdillxfezt3b3h.xn--p1ai/sites/default/files/public/styles/large/public/cb80524a6a0f9a08911ad811e0916b2f_big.jpg?itok=zTa-kPfg,10 950,2 500,https://ремонт-рулевых-реек.рф/price/alfa-romeo-147
Alfa Romeo 156,https://xn-----elckbca4bdillxfezt3b3h.xn--p1ai/sites/default/files/public/styles/large/public/alfa-romeo-156-19-jtd-02-image-size-600-x-399-px-imagejpeg-20779_7bd8e.jpg?itok=LQrIrjhi,10 950,3 000,https://ремонт-рулевых-реек.рф/price/alfa-romeo-156
Alfa Romeo 159,https://xn-----elckbca4bdillxfezt3b3h.xn--p1ai/sites/default/files/public/styles/large/public/alfa-romeo-159-saloon-2006.jpg?itok=hsckNwh8,10 950,3 000,https://ремонт-рулевых-реек.рф/price/alfa-romeo-159
Alfa Romeo 164,https://xn-----elckbca4bdillxfezt3b3h.xn--p1ai/sites/default/files/public/styles/large/public/287.jpg?itok=0Sw2XQtJ,10 950,3 000,https://ремонт-рулевых-реек.рф/price/alfa-romeo-164
Alfa Romeo 166,https://xn-----elckbca4bdillxfezt3b3h.xn--p1ai/sites/default/files/public/styles/large/public/alfa_166_002.jpg?itok=amzjC9NZ,10 950,3 000,https://ремонт-рулевых-реек.рф/price/alfa-romeo-166
Alfa Romeo Giulietta,https://xn-----elckbca4bdillxfezt3b3h.xn--p1ai/sites/default/files/public/styles/large/public/a82df7176e3c5c67d4b4379a150c6b0a.jpeg?itok=4OgPWHLX,11 450,3 000,https://ремонт-рулевых-реек.рф/price/alfa-romeo-giulietta
Alfa Romeo Mito,https://xn-----elckbca4bdillxfezt3b3h.xn--p1ai/sites/default/files/public/styles/large/public/mito-hatchback.jpg?itok=6Vl_1MNi,11 450,3 000,https://ремонт-рулевых-реек.рф/price/alfa-romeo-mito
BMW E30,https://xn-----elckbca4bdillxfezt3b3h.xn--p1ai/sites/default/files/public/styles/large/public/hd02_0ff593b3-d21e-4850-9dbb-0bc24e6ae2c1_1024x1024.jpg?itok=e1oOfUCl,10 950,2 500,https://ремонт-рулевых-реек.рф/price/bmw-e30
BMW E30(4x4),https://xn-----elckbca4bdillxfezt3b3h.xn--p1ai/sites/default/files/public/styles/large/public/6e4a2dcf02a1ca77fb3773e2f6b638d0_l_0.jpg?itok=-xKRK204,10 950,2 500,https://ремонт-рулевых-реек.рф/price/bmw-e304x4
BMW E32,https://xn-----elckbca4bdillxfezt3b3h.xn--p1ai/sites/default/files/public/styles/large/public/e0aa71.jpg?itok=Ee91XhpE,10 950,2 500,https://ремонт-рулевых-реек.рф/price/bmw-e32
BMW E34,https://xn-----elckbca4bdillxfezt3b3h.xn--p1ai/sites/default/files/public/styles/large/public/novyi_3.png?itok=4xMcRI63,10 950,2 500,https://ремонт-рулевых-реек.рф/price/bmw-e34
BMW E34(4x4),https://xn-----elckbca4bdillxfezt3b3h.xn--p1ai/sites/default/files/public/styles/large/public/novyi_2.png?itok=Q_BeSjEL,10 950,3 500,https://ремонт-рулевых-реек.рф/price/bmw-e344x4
BMW E36,https://xn-----elckbca4bdillxfezt3b3h.xn--p1ai/sites/default/files/public/styles/large/public/2008-bmw-m3-sedan-angular-front.png?itok=_B4HenUt,10 950,3 000,https://ремонт-рулевых-реек.рф/price/bmw-e36
BMW E38,https://xn-----elckbca4bdillxfezt3b3h.xn--p1ai/sites/default/files/public/styles/large/public/2016-bmw-7-series-750i-black-sapphire-metallic-in-cars-in-los-angeles-ca.jpg?itok=rFyrQ_FF,10 950,3 500,https://ремонт-рулевых-реек.рф/price/bmw-e38
BMW E39,https://xn-----elckbca4bdillxfezt3b3h.xn--p1ai/sites/default/files/public/styles/large/public/640_480_30dc04c8cb357cd8f72503565d1d3fe3.jpg?itok=U1tpX2Pr,11 450,3 500,https://ремонт-рулевых-реек.рф/price/bmw-e39
BMW E46,https://xn-----elckbca4bdillxfezt3b3h.xn--p1ai/sites/default/files/public/styles/large/public/vorsteiner_bmw_m3_coupe_2.jpg?itok=L3lDLcWf,11 450,3 000,https://ремонт-рулевых-реек.рф/price/bmw-e46
BMW E46(4x4),https://xn-----elckbca4bdillxfezt3b3h.xn--p1ai/sites/default/files/public/styles/large/public/vorsteiner_bmw_m3_coupe_2_0.jpg?itok=wlzjqXt3,11 450,3 500,https://ремонт-рулевых-реек.рф/price/bmw-e464x4
BMW E53(X5),https://xn-----elckbca4bdillxfezt3b3h.xn--p1ai/sites/default/files/public/styles/large/public/bmwx5.jpg?itok=PShnwc_E,11 950,3 500,https://ремонт-рулевых-реек.рф/price/bmw-e53x5
"BMW E60, E63",https://xn-----elckbca4bdillxfezt3b3h.xn--p1ai/sites/default/files/public/styles/large/public/bmv-belyj-avtomobili-korzina-transportnye-sredstva.jpg?itok=k1ZnivTc,11 950,3 500,https://ремонт-рулевых-реек.рф/price/bmw-e60-e63
"BMW E60, E63(active)",https://xn-----elckbca4bdillxfezt3b3h.xn--p1ai/sites/default/files/public/styles/large/public/bmv-belyj-avtomobili-korzina-transportnye-sredstva_0.jpg?itok=CBRYyPvU,11 950,4 000,https://ремонт-рулевых-реек.рф/price/bmw-e60-e63active
BMW E65,https://xn-----elckbca4bdillxfezt3b3h.xn--p1ai/sites/default/files/public/styles/large/public/86_0.jpg?itok=Ommo0mni,11 950,4 000,https://ремонт-рулевых-реек.рф/price/bmw-e65
"BMW E70, E71 (X5, X6)",https://xn-----elckbca4bdillxfezt3b3h.xn--p1ai/sites/default/files/public/styles/large/public/458442_1450725715.jpg?itok=CS_NHfJW,12 950,4 500,https://ремонт-рулевых-реек.рф/price/bmw-e70-e71-x5-x6
BMW E81,https://xn-----elckbca4bdillxfezt3b3h.xn--p1ai/sites/default/files/public/styles/large/public/bmw_e81_1.jpg?itok=R5FDV9aB,9 950,3 000,https://ремонт-рулевых-реек.рф/price/bmw-e81
BMW E83(X3),https://xn-----elckbca4bdillxfezt3b3h.xn--p1ai/sites/default/files/public/styles/large/public/novyi_4.png?itok=IEIy1gJp,11 950,3 500,https://ремонт-рулевых-реек.рф/price/bmw-e83x3
BMW E87,https://xn-----elckbca4bdillxfezt3b3h.xn--p1ai/sites/default/files/public/styles/large/public/novyi_5.png?itok=yFPry7GZ,9 950,3 000,https://ремонт-рулевых-реек.рф/price/bmw-e87
BMW E90,https://xn-----elckbca4bdillxfezt3b3h.xn--p1ai/sites/default/files/public/styles/large/public/1427094260_239718121012012.jpg?itok=G_Fy9y12,10 950,3 000,https://ремонт-рулевых-реек.рф/price/bmw-e90
Bentley Arnage,https://xn-----elckbca4bdillxfezt3b3h.xn--p1ai/sites/default/files/public/styles/large/public/novyi_1.png?itok=ax7g5dDI,11 950,4 500,https://ремонт-рулевых-реек.рф/price/bentley-arnage
Bentley Continental,https://xn-----elckbca4bdillxfezt3b3h.xn--p1ai/sites/default/files/public/styles/large/public/bentley-continental-coupe-05.jpg?itok=43QtpDta,12 950,4 500,https://ремонт-рулевых-реек.рф/price/bentley-continental
Chevrolet Astro,https://xn-----elckbca4bdillxfezt3b3h.xn--p1ai/sites/default/files/public/styles/large/public/savini-forged-sv9-brushed.png?itok=b6H-YAQ2,10 450,2 500,https://ремонт-рулевых-реек.рф/price/chevrolet-astro
Chevrolet Aveo,https://xn-----elckbca4bdillxfezt3b3h.xn--p1ai/sites/default/files/public/styles/large/public/chevrolet_aveo_2012_4280126458598532307.jpg?itok=G1CL2Ikn,10 950,2 500,https://ремонт-рулевых-реек.рф/price/chevrolet-aveo
Chevrolet Blazer,https://xn-----elckbca4bdillxfezt3b3h.xn--p1ai/sites/default/files/public/styles/large/public/1_1.jpg?itok=wjuqHqg6,11 450,3 000,https://ремонт-рулевых-реек.рф/price/chevrolet-blazer
Chevrolet Camaro,https://xn-----elckbca4bdillxfezt3b3h.xn--p1ai/sites/default/files/public/styles/large/public/chevrolet-camaro-convertible-5239_3.jpg?itok=QKsNnkEE,11 450,3 000,https://ремонт-рулевых-реек.рф/price/chevrolet-camaro
Chevrolet Captiva,https://xn-----elckbca4bdillxfezt3b3h.xn--p1ai/sites/default/files/public/styles/large/public/mm_gal_item_c2_13.img_resize.img_stage._3.jpg?itok=gENSvMi6,11 450,3 000,https://ремонт-рулевых-реек.рф/price/chevrolet-captiva
Chevrolet Cruze,https://xn-----elckbca4bdillxfezt3b3h.xn--p1ai/sites/default/files/public/styles/large/public/cruze1.jpg?itok=o32RyTF1,10 950,3 000,https://ремонт-рулевых-реек.рф/price/chevrolet-cruze
Chevrolet Epica,https://xn-----elckbca4bdillxfezt3b3h.xn--p1ai/sites/default/files/public/styles/large/public/chevrolet_epica_1.jpg?itok=9AXBrsd3,10 950,3 000,https://ремонт-рулевых-реек.рф/price/chevrolet-epica
Chevrolet Express,https://xn-----elckbca4bdillxfezt3b3h.xn--p1ai/sites/default/files/public/styles/large/public/2013-chevrolet-express-3500-minivan-van-work-van-rear-wheel-drive-cargo-van-photo.png?itok=CyIxBpLV,9 950,3 000,https://ремонт-рулевых-реек.рф/price/chevrolet-express
Chevrolet Lacetti,https://xn-----elckbca4bdillxfezt3b3h.xn--p1ai/sites/default/files/public/styles/large/public/lachetti_hetch_kras.jpg?itok=hp89t8Va,10 950,3 000,https://ремонт-рулевых-реек.рф/price/chevrolet-lacetti
Chevrolet Lanos,https://xn-----elckbca4bdillxfezt3b3h.xn--p1ai/sites/default/files/public/styles/large/public/lanos.jpg?itok=7vTW0VQ4,10 950,3 000,https://ремонт-рулевых-реек.рф/price/chevrolet-lanos
Chevrolet Lumina,https://xn-----elckbca4bdillxfezt3b3h.xn--p1ai/sites/default/files/public/styles/large/public/novyi_8.png?itok=_XnUjitt,9 950,3 000,https://ремонт-рулевых-реек.рф/price/chevrolet-lumina
Chevrolet Niva,https://xn-----elckbca4bdillxfezt3b3h.xn--p1ai/sites/default/files/public/styles/large/public/chevrolet_niva.png?itok=uQJ7t9iB,9 950,2 500,https://ремонт-рулевых-реек.рф/price/chevrolet-niva
Chevrolet Orlando,https://xn-----elckbca4bdillxfezt3b3h.xn--p1ai/sites/default/files/public/styles/large/public/chevrolet_orlando_2015.jpg?itok=5pmOQcPY,9 950,3 000,https://ремонт-рулевых-реек.рф/price/chevrolet-orlando
Chevrolet Rezzo,https://xn-----elckbca4bdillxfezt3b3h.xn--p1ai/sites/default/files/public/styles/large/public/rezzo.jpg?itok=PptN7ekB,10 950,3 000,https://ремонт-рулевых-реек.рф/price/chevrolet-rezzo
Chevrolet Spark,https://xn-----elckbca4bdillxfezt3b3h.xn--p1ai/sites/default/files/public/styles/large/public/chevrolet_spark_56252.jpg?itok=WYIiek6M,10 950,2 500,https://ремонт-рулевых-реек.рф/price/chevrolet-spark
Chevrolet Tahoe,https://xn-----elckbca4bdillxfezt3b3h.xn--p1ai/sites/default/files/public/styles/large/public/2009che017a_640_01.jpg?itok=l24-jwwI,11 950,3 500,https://ремонт-рулевых-реек.рф/price/chevrolet-tahoe
Chevrolet Tracker,https://xn-----elckbca4bdillxfezt3b3h.xn--p1ai/sites/default/files/public/styles/large/public/1441605985_mm_gal_item_c2_2.img_resize.img_stage._3.jpg?itok=AIiRhqU6,11 450,3 500,https://ремонт-рулевых-реек.рф/price/chevrolet-tracker
Chevrolet Trailblazer,https://xn-----elckbca4bdillxfezt3b3h.xn--p1ai/sites/default/files/public/styles/large/public/chevrolet_trailblazer.png?itok=qMnY_oXg,11 950,3 500,https://ремонт-рулевых-реек.рф/price/chevrolet-trailblazer
Dodge Caliber,https://xn-----elckbca4bdillxfezt3b3h.xn--p1ai/sites/default/files/public/styles/large/public/2011-dodge-caliber-mainstreet-wagon-angular-front.png?itok=WDGMMG4A,10 950,3 500,https://ремонт-рулевых-реек.рф/price/dodge-caliber
Dodge Caravan,https://xn-----elckbca4bdillxfezt3b3h.xn--p1ai/sites/default/files/public/styles/large/public/50416_dodge_caravan.jpg?itok=K3_YbPKC,10 950,3 500,https://ремонт-рулевых-реек.рф/price/dodge-caravan
Dodge Durango,https://xn-----elckbca4bdillxfezt3b3h.xn--p1ai/sites/default/files/public/styles/large/public/2325196.jpg?itok=ayE2X3Fv,10 950,3 500,https://ремонт-рулевых-реек.рф/price/dodge-durango
Dodge Intrepid,https://xn-----elckbca4bdillxfezt3b3h.xn--p1ai/sites/default/files/public/styles/large/public/novyi_13.png?itok=0Q4stIeu,10 950,3 500,https://ремонт-рулевых-реек.рф/price/dodge-intrepid
Dodge Journey,https://xn-----elckbca4bdillxfezt3b3h.xn--p1ai/sites/default/files/public/styles/large/public/2012-dodge-journey.png?itok=mdXzx1Fd,10 950,3 500,https://ремонт-рулевых-реек.рф/price/dodge-journey
Dodge Neon,https://xn-----elckbca4bdillxfezt3b3h.xn--p1ai/sites/default/files/public/styles/large/public/cdcssl.ibsrv_.net_.jpeg?itok=zDPrci_J,11 450,3 000,https://ремонт-рулевых-реек.рф/price/dodge-neon
Dodge RAM,https://xn-----elckbca4bdillxfezt3b3h.xn--p1ai/sites/default/files/public/styles/large/public/ram-1500.jpg?itok=vxfmsNAm,11 450,3 500,https://ремонт-рулевых-реек.рф/price/dodge-ram
Dodge Stealth,https://xn-----elckbca4bdillxfezt3b3h.xn--p1ai/sites/default/files/public/styles/large/public/1991-dodge-stealth_315038_low_res.jpg?itok=xRiNRIWG,10 950,3 000,https://ремонт-рулевых-реек.рф/price/dodge-stealth
Dodge Stratus,https://xn-----elckbca4bdillxfezt3b3h.xn--p1ai/sites/default/files/public/styles/large/public/novyi_14.png?itok=NkxRDFsx,10 950,3 000,https://ремонт-рулевых-реек.рф/price/dodge-stratus
Citroen Berlingo,https://xn-----elckbca4bdillxfezt3b3h.xn--p1ai/sites/default/files/public/styles/large/public/cl_12.007.001.jpg.jpg?itok=kwA3RrCI,11 450,3 000,https://ремонт-рулевых-реек.рф/price/citroen-berlingo
Citroen C1,https://xn-----elckbca4bdillxfezt3b3h.xn--p1ai/sites/default/files/public/styles/large/public/citroen_c1_1_0i_vtr_5dr_9232654958950949055.jpg?itok=lEPeviGL,10 950,2 500,https://ремонт-рулевых-реек.рф/price/citroen-c1
Citroen C2,https://xn-----elckbca4bdillxfezt3b3h.xn--p1ai/sites/default/files/public/styles/large/public/17600.jpg?itok=ehV1fC99,10 950,2 500,https://ремонт-рулевых-реек.рф/price/citroen-c2
Citroen C3,https://xn-----elckbca4bdillxfezt3b3h.xn--p1ai/sites/default/files/public/styles/large/public/citroen_c3.jpg?itok=UxEExkeQ,10 950,2 500,https://ремонт-рулевых-реек.рф/price/citroen-c3
Citroen C4,https://xn-----elckbca4bdillxfezt3b3h.xn--p1ai/sites/default/files/public/styles/large/public/citroen-c4-coupe-1.6-hdi-vtr-05.jpg?itok=9ph7--2Y,11 450,3 000,https://ремонт-рулевых-реек.рф/price/citroen-c4
Citroen C5,https://xn-----elckbca4bdillxfezt3b3h.xn--p1ai/sites/default/files/public/styles/large/public/novyi_2_0.png?itok=ubw2Dtea,11 450,3 500,https://ремонт-рулевых-реек.рф/price/citroen-c5
Citroen Xsara,https://xn-----elckbca4bdillxfezt3b3h.xn--p1ai/sites/default/files/public/styles/large/public/citroen_xsara_coupe_2000.jpg?itok=qHanHO-m,11 450,3 000,https://ремонт-рулевых-реек.рф/price/citroen-xsara
Ford Aerostar,https://xn-----elckbca4bdillxfezt3b3h.xn--p1ai/sites/default/files/public/styles/large/public/a137.g.akamai.net_.jpeg?itok=xIwOycE_,11 450,3 000,https://ремонт-рулевых-реек.рф/price/ford-aerostar
Ford Cougar,https://xn-----elckbca4bdillxfezt3b3h.xn--p1ai/sites/default/files/public/styles/large/public/17833.jpg?itok=7vA1qX7Z,10 950,2 500,https://ремонт-рулевых-реек.рф/price/ford-cougar
Ford Econoline,https://xn-----elckbca4bdillxfezt3b3h.xn--p1ai/sites/default/files/public/styles/large/public/3120-046-front-angle-4801.jpg?itok=ajgg27NW,11 450,3 000,https://ремонт-рулевых-реек.рф/price/ford-econoline
Ford Escort,https://xn-----elckbca4bdillxfezt3b3h.xn--p1ai/sites/default/files/public/styles/large/public/usb20foc041c0101.jpg?itok=ZcEX1E6w,10 950,2 500,https://ремонт-рулевых-реек.рф/price/ford-escort
Ford Explorer,https://xn-----elckbca4bdillxfezt3b3h.xn--p1ai/sites/default/files/public/styles/large/public/2010-ford-explorer-suv-xlt-4dr-4x2-exterior-front-side-view.png?itok=uBU_gR1W,11 450,3 500,https://ремонт-рулевых-реек.рф/price/ford-explorer
Ford Fiesta,https://xn-----elckbca4bdillxfezt3b3h.xn--p1ai/sites/default/files/public/styles/large/public/blobserver.jpg?itok=Oj_DV5Oz,10 950,2 500,https://ремонт-рулевых-реек.рф/price/ford-fiesta
Ford Focus,https://xn-----elckbca4bdillxfezt3b3h.xn--p1ai/sites/default/files/public/styles/large/public/usc60foc123b021001.png?itok=cZfVMXRS,10 950,2 500,https://ремонт-рулевых-реек.рф/price/ford-focus
Ford Fusion,https://xn-----elckbca4bdillxfezt3b3h.xn--p1ai/sites/default/files/public/styles/large/public/deep-impact-blue.png?itok=vtRYljHB,10 950,2 500,https://ремонт-рулевых-реек.рф/price/ford-fusion
Ford Galaxy,https://xn-----elckbca4bdillxfezt3b3h.xn--p1ai/sites/default/files/public/styles/large/public/xlszvo4aapy.jpg?itok=G7SVsbvc,10 950,3 000,https://ремонт-рулевых-реек.рф/price/ford-galaxy
Ford Ka,https://xn-----elckbca4bdillxfezt3b3h.xn--p1ai/sites/default/files/public/styles/large/public/641.jpg?itok=QmFvHXLo,10 450,2 500,https://ремонт-рулевых-реек.рф/price/ford-ka
Ford Maverick,https://xn-----elckbca4bdillxfezt3b3h.xn--p1ai/sites/default/files/public/styles/large/public/837c170efe6b8e30ddc408cac18c3453.jpg?itok=xh6gMmpA,11 450,3 000,https://ремонт-рулевых-реек.рф/price/ford-maverick
"Ford Mondeo 1,2",https://xn-----elckbca4bdillxfezt3b3h.xn--p1ai/sites/default/files/public/styles/large/public/70782_3.jpg?itok=azk-WBWl,10 950,3 000,https://ремонт-рулевых-реек.рф/price/ford-mondeo-12
"Ford Mondeo 3,4",https://xn-----elckbca4bdillxfezt3b3h.xn--p1ai/sites/default/files/public/styles/large/public/ford-mondeo-autobilder-wallpaper_0.jpg?itok=FpiYLV5v,10 950,3 500,https://ремонт-рулевых-реек.рф/price/ford-mondeo-34
Ford Mustang,https://xn-----elckbca4bdillxfezt3b3h.xn--p1ai/sites/default/files/public/styles/large/public/ford-mustang_convertible-2005-0_0.jpg?itok=sayst76S,10 950,3 500,https://ремонт-рулевых-реек.рф/price/ford-mustang
Ford Probe,https://xn-----elckbca4bdillxfezt3b3h.xn--p1ai/sites/default/files/public/styles/large/public/1993fordprobe-vi.png?itok=weQNQ33Z,10 950,3 000,https://ремонт-рулевых-реек.рф/price/ford-probe
Ford Scorpio,https://xn-----elckbca4bdillxfezt3b3h.xn--p1ai/sites/default/files/public/styles/large/public/111_original.jpg?itok=vUSLloM0,10 950,3 000,https://ремонт-рулевых-реек.рф/price/ford-scorpio
Ford Sierra,https://xn-----elckbca4bdillxfezt3b3h.xn--p1ai/sites/default/files/public/styles/large/public/novyi_2_1.png?itok=ZdeS4l3Y,10 950,3 000,https://ремонт-рулевых-реек.рф/price/ford-sierra
Ford Taurus,https://xn-----elckbca4bdillxfezt3b3h.xn--p1ai/sites/default/files/public/styles/large/public/ford_tauraus-2009_image-01.jpg?itok=SKnkZ_GO,10 950,3 000,https://ремонт-рулевых-реек.рф/price/ford-taurus
Ford Transit,https://xn-----elckbca4bdillxfezt3b3h.xn--p1ai/sites/default/files/public/styles/large/public/212d7700d6e976aa767688e750c05ffd.jpg?itok=HOoKFGE9,10 950,3 500,https://ремонт-рулевых-реек.рф/price/ford-transit
Ford Windstar,https://xn-----elckbca4bdillxfezt3b3h.xn--p1ai/sites/default/files/public/styles/large/public/images63_0.jpg?itok=1KPthMVK,10 950,3 000,https://ремонт-рулевых-реек.рф/price/ford-windstar
Great Wall Deer,https://xn-----elckbca4bdillxfezt3b3h.xn--p1ai/sites/default/files/public/styles/large/public/great-wall-deer-.jpg?itok=q5Gl_iGk,10 950,3 500,https://ремонт-рулевых-реек.рф/price/great-wall-deer
Great Wall Hover,https://xn-----elckbca4bdillxfezt3b3h.xn--p1ai/sites/default/files/public/styles/large/public/great-wall-hover-h5.jpg?itok=KygINFAo,10 950,3 500,https://ремонт-рулевых-реек.рф/price/great-wall-hover
Great Wall Safe,https://xn-----elckbca4bdillxfezt3b3h.xn--p1ai/sites/default/files/public/styles/large/public/great_wall_safe_suv_suv_5_door_2003.jpg?itok=XF67aDzP,11 450,3 500,https://ремонт-рулевых-реек.рф/price/great-wall-safe
Infiniti FX35,https://xn-----elckbca4bdillxfezt3b3h.xn--p1ai/sites/default/files/public/styles/large/public/fx35.jpg?itok=rVymopOK,11 450,3 500,https://ремонт-рулевых-реек.рф/price/infiniti-fx35
Infiniti FX45,https://xn-----elckbca4bdillxfezt3b3h.xn--p1ai/sites/default/files/public/styles/large/public/fx45_0.jpg?itok=RFIT2YVi,11 450,3 500,https://ремонт-рулевых-реек.рф/price/infiniti-fx45
Infiniti Q30,https://xn-----elckbca4bdillxfezt3b3h.xn--p1ai/sites/default/files/public/styles/large/public/q30.jpg?itok=x3asu_87,10 950,3 500,https://ремонт-рулевых-реек.рф/price/infiniti-q30
Infiniti Q45,https://xn-----elckbca4bdillxfezt3b3h.xn--p1ai/sites/default/files/public/styles/large/public/q45.jpg?itok=yhqW85_W,11 950,3 500,https://ремонт-рулевых-реек.рф/price/infiniti-q45
Infiniti QX4,https://xn-----elckbca4bdillxfezt3b3h.xn--p1ai/sites/default/files/public/styles/large/public/qx4.jpg?itok=K-V-yLSC,11 450,3 500,https://ремонт-рулевых-реек.рф/price/infiniti-qx4
Infiniti QX56 - QX80,https://xn-----elckbca4bdillxfezt3b3h.xn--p1ai/sites/default/files/public/styles/large/public/infiniti_1521975291_176.62.98.170.jpg?itok=hYssuADq,11 950,4 000,https://ремонт-рулевых-реек.рф/price/infiniti-qx56-qx80
Jeep Cherokee,https://xn-----elckbca4bdillxfezt3b3h.xn--p1ai/sites/default/files/public/styles/large/public/cherokee.jpg?itok=JkqGgTty,11 450,3 500,https://ремонт-рулевых-реек.рф/price/jeep-cherokee
Jeep Compass,https://xn-----elckbca4bdillxfezt3b3h.xn--p1ai/sites/default/files/public/styles/large/public/compass.jpg?itok=yn_mDHeC,11 450,3 500,https://ремонт-рулевых-реек.рф/price/jeep-compass
Jeep Grand Cherokee,https://xn-----elckbca4bdillxfezt3b3h.xn--p1ai/sites/default/files/public/styles/large/public/grand-cherokee.jpg?itok=UL26ioeB,11 450,3 500,https://ремонт-рулевых-реек.рф/price/jeep-grand-cherokee
Jeep Liberty,https://xn-----elckbca4bdillxfezt3b3h.xn--p1ai/sites/default/files/public/styles/large/public/liberty.jpeg?itok=hTDYqZCx,11 450,4 000,https://ремонт-рулевых-реек.рф/price/jeep-liberty
Jeep Patriot,https://xn-----elckbca4bdillxfezt3b3h.xn--p1ai/sites/default/files/public/styles/large/public/patriot.jpg?itok=E6cgKSdN,11 950,3 500,https://ремонт-рулевых-реек.рф/price/jeep-patriot
Jeep Wrangler,https://xn-----elckbca4bdillxfezt3b3h.xn--p1ai/sites/default/files/public/styles/large/public/wrangler.jpg?itok=nNID4jbh,11 950,3 500,https://ремонт-рулевых-реек.рф/price/jeep-wrangler
Honda Accord,https://xn-----elckbca4bdillxfezt3b3h.xn--p1ai/sites/default/files/public/styles/large/public/novyi_16.png?itok=K5H94TwR,10 950,3 500,https://ремонт-рулевых-реек.рф/price/honda-accord
Honda Civic,https://xn-----elckbca4bdillxfezt3b3h.xn--p1ai/sites/default/files/public/styles/large/public/48199-large.jpg?itok=9B1i7Q9P,10 450,3 000,https://ремонт-рулевых-реек.рф/price/honda-civic
Honda CR-V,https://xn-----elckbca4bdillxfezt3b3h.xn--p1ai/sites/default/files/public/styles/large/public/honda_cr_v_2015_3990123448316696530.jpg?itok=weRJAqYF,10 950,3 500,https://ремонт-рулевых-реек.рф/price/honda-cr-v
Honda Element,https://xn-----elckbca4bdillxfezt3b3h.xn--p1ai/sites/default/files/public/styles/large/public/2011-honda-element.png.jpg?itok=NPstx4El,10 950,2 500,https://ремонт-рулевых-реек.рф/price/honda-element
Honda Fit,https://xn-----elckbca4bdillxfezt3b3h.xn--p1ai/sites/default/files/public/styles/large/public/24-316-1.jpg?itok=9db_GlC_,10 450,2 500,https://ремонт-рулевых-реек.рф/price/honda-fit
Honda HR-V,https://xn-----elckbca4bdillxfezt3b3h.xn--p1ai/sites/default/files/public/styles/large/public/2016-honda-hr-v-1000px.png?itok=b7UgFLxY,10 450,3 000,https://ремонт-рулевых-реек.рф/price/honda-hr-v
Honda Jazz,https://xn-----elckbca4bdillxfezt3b3h.xn--p1ai/sites/default/files/public/styles/large/public/int-honda-jazz-facelift_09.jpg?itok=33-OCegC,10 450,2 500,https://ремонт-рулевых-реек.рф/price/honda-jazz
Honda Pilot,https://xn-----elckbca4bdillxfezt3b3h.xn--p1ai/sites/default/files/public/styles/large/public/81bf062802f007a772981ac8333a967e.jpg?itok=A40S-TDx,11 950,3 500,https://ремонт-рулевых-реек.рф/price/honda-pilot
Honda Stream,https://xn-----elckbca4bdillxfezt3b3h.xn--p1ai/sites/default/files/public/styles/large/public/2_0.jpg?itok=Oam7yert,11 450,3 000,https://ремонт-рулевых-реек.рф/price/honda-stream
Lexus ES,https://xn-----elckbca4bdillxfezt3b3h.xn--p1ai/sites/default/files/public/styles/large/public/es.jpg?itok=K-NiP46x,10 950,3 000,https://ремонт-рулевых-реек.рф/price/lexus-es
Lexus GS,https://xn-----elckbca4bdillxfezt3b3h.xn--p1ai/sites/default/files/public/styles/large/public/gs.jpg?itok=ilJfgXOn,10 950,3 000,https://ремонт-рулевых-реек.рф/price/lexus-gs
Lexus GX,https://xn-----elckbca4bdillxfezt3b3h.xn--p1ai/sites/default/files/public/styles/large/public/gx.jpg?itok=MkQL4BfI,11 950,3 500,https://ремонт-рулевых-реек.рф/price/lexus-gx
Lexus IS,https://xn-----elckbca4bdillxfezt3b3h.xn--p1ai/sites/default/files/public/styles/large/public/is.jpg?itok=2sqjqLN4,10 950,3 000,https://ремонт-рулевых-реек.рф/price/lexus-0
Lexus LS,https://xn-----elckbca4bdillxfezt3b3h.xn--p1ai/sites/default/files/public/styles/large/public/ls.jpg?itok=bQpr7tAY,10 950,3 000,https://ремонт-рулевых-реек.рф/price/lexus-ls
Lexus LX,https://xn-----elckbca4bdillxfezt3b3h.xn--p1ai/sites/default/files/public/styles/large/public/lx.jpg?itok=1BGahLd_,11 950,4 500,https://ремонт-рулевых-реек.рф/price/lexus-lx
Lexus RX,https://xn-----elckbca4bdillxfezt3b3h.xn--p1ai/sites/default/files/public/styles/large/public/rx.jpg?itok=krINaaHi,11 450,3 000,https://ремонт-рулевых-реек.рф/price/lexus-rx
Lincoln Navigator,https://xn-----elckbca4bdillxfezt3b3h.xn--p1ai/sites/default/files/public/styles/large/public/lincoln_navigator.jpeg?itok=iF_fGgDb,12 450,3 500,https://ремонт-рулевых-реек.рф/price/lincoln-navigator
"Saab 9-3, 9-5",https://xn-----elckbca4bdillxfezt3b3h.xn--p1ai/sites/default/files/public/styles/large/public/2241743693.jpg?itok=nUSg_A4Y,11 450,3 000,https://ремонт-рулевых-реек.рф/price/saab-9-3-9-5
Saab 9000,https://xn-----elckbca4bdillxfezt3b3h.xn--p1ai/sites/default/files/public/styles/large/public/17031.jpg?itok=Pa60p3Kb,10 950,3 000,https://ремонт-рулевых-реек.рф/price/saab-9000
Mitsubishi 3000GT,https://xn-----elckbca4bdillxfezt3b3h.xn--p1ai/sites/default/files/public/styles/large/public/mitsubishi_3000_gt_coupe_1994.jpg?itok=Q_o4ogok,11 450,3 000,https://ремонт-рулевых-реек.рф/price/mitsubishi-3000gt
Mitsubishi Carisma,https://xn-----elckbca4bdillxfezt3b3h.xn--p1ai/sites/default/files/public/styles/large/public/remont-mitsubishi-carisma-micubisi-karizma_5.jpg?itok=ptjEl5GY,10 950,3 000,https://ремонт-рулевых-реек.рф/price/mitsubishi-carisma
Mitsubishi Chariot,https://xn-----elckbca4bdillxfezt3b3h.xn--p1ai/sites/default/files/public/styles/large/public/chariot.jpg?itok=fRqC1PLj,10 450,3 000,https://ремонт-рулевых-реек.рф/price/mitsubishi-chariot
Mitsubishi Colt,https://xn-----elckbca4bdillxfezt3b3h.xn--p1ai/sites/default/files/public/styles/large/public/colt.jpg?itok=6IEnMc7d,10 450,2 500,https://ремонт-рулевых-реек.рф/price/mitsubishi-colt
Mitsubishi Delica,https://xn-----elckbca4bdillxfezt3b3h.xn--p1ai/sites/default/files/public/styles/large/public/mitsubishi_delica_minivan_2007.jpg?itok=Lu_n75e6,11 450,3 500,https://ремонт-рулевых-реек.рф/price/mitsubishi-delica
Mitsubishi Diamant,https://xn-----elckbca4bdillxfezt3b3h.xn--p1ai/sites/default/files/public/styles/large/public/mitsubishi-diamante-30m_75f56.jpg?itok=qhDS1SDi,11 450,3 500,https://ремонт-рулевых-реек.рф/price/mitsubishi-diamant
Mitsubishi Eclipse,https://xn-----elckbca4bdillxfezt3b3h.xn--p1ai/sites/default/files/public/styles/large/public/eclipse.jpg?itok=CtCaR7JB,11 450,3 000,https://ремонт-рулевых-реек.рф/price/mitsubishi-eclipse
Mitsubishi Galant,https://xn-----elckbca4bdillxfezt3b3h.xn--p1ai/sites/default/files/public/styles/large/public/2009_mitsubishi_galant_es_siloam_springs_ar_4460019469661272954.jpg?itok=YBiAF1rK,11 450,3 000,https://ремонт-рулевых-реек.рф/price/mitsubishi-galant
Mitsubishi L200,https://xn-----elckbca4bdillxfezt3b3h.xn--p1ai/sites/default/files/public/styles/large/public/l200.jpg?itok=wXGwkXTk,11 050,3 000,https://ремонт-рулевых-реек.рф/price/mitsubishi-l200
Mitsubishi L300,https://xn-----elckbca4bdillxfezt3b3h.xn--p1ai/sites/default/files/public/styles/large/public/l300.jpg?itok=ksl_2kXj,11 450,3 000,https://ремонт-рулевых-реек.рф/price/mitsubishi-l300
Mitsubishi Lancer 10,https://xn-----elckbca4bdillxfezt3b3h.xn--p1ai/sites/default/files/public/styles/large/public/lancer.jpg?itok=xvZppzeB,10 950,3 000,https://ремонт-рулевых-реек.рф/price/mitsubishi-lancer-10
Mitsubishi Lancer 9,https://xn-----elckbca4bdillxfezt3b3h.xn--p1ai/sites/default/files/public/styles/large/public/lancer_9.jpg?itok=ruHW5S40,10 950,3 000,https://ремонт-рулевых-реек.рф/price/mitsubishi-lancer-9
Mitsubishi Mirage,https://xn-----elckbca4bdillxfezt3b3h.xn--p1ai/sites/default/files/public/styles/large/public/mitsubishi_mirage_sedan_2014.jpg?itok=PdagzjPW,10 950,3 000,https://ремонт-рулевых-реек.рф/price/mitsubishi-mirage
Mitsubishi Outlander,https://xn-----elckbca4bdillxfezt3b3h.xn--p1ai/sites/default/files/public/styles/large/public/mitsubishi_outlander_suv_5_door_2012.jpg?itok=oxR5XYl5,11 450,3 000,https://ремонт-рулевых-реек.рф/price/mitsubishi-outlander
Mitsubishi Pajero,https://xn-----elckbca4bdillxfezt3b3h.xn--p1ai/sites/default/files/public/styles/large/public/pajero.jpg?itok=m2RBM2_a,11 450,3 500,https://ремонт-рулевых-реек.рф/price/mitsubishi-pajero
Mitsubishi Sigma,https://xn-----elckbca4bdillxfezt3b3h.xn--p1ai/sites/default/files/public/styles/large/public/mitsubishi_sigma_foto_7434.jpg?itok=6UuFbAjb,9 950,3 000,https://ремонт-рулевых-реек.рф/price/mitsubishi-sigma
Mitsubishi Space Star,https://xn-----elckbca4bdillxfezt3b3h.xn--p1ai/sites/default/files/public/styles/large/public/space_star_red.jpg?itok=f5KeFGqE,10 950,3 000,https://ремонт-рулевых-реек.рф/price/mitsubishi-space-star
Mitsubishi Space Wagon / RVR,https://xn-----elckbca4bdillxfezt3b3h.xn--p1ai/sites/default/files/public/styles/large/public/space_wagon.jpg?itok=_7AEgexM,10 950,3 000,https://ремонт-рулевых-реек.рф/price/mitsubishi-space-wagon-rvr
Jaguar S-Type,https://xn-----elckbca4bdillxfezt3b3h.xn--p1ai/sites/default/files/public/styles/large/public/s.jpg?itok=Sx0Sj0Nc,11 450,3 000,https://ремонт-рулевых-реек.рф/price/jaguar-s-type
Jaguar X-Type,https://xn-----elckbca4bdillxfezt3b3h.xn--p1ai/sites/default/files/public/styles/large/public/x.jpg?itok=DfFKwsep,11 450,3 000,https://ремонт-рулевых-реек.рф/price/jaguar-x-type
Jaguar XF,https://xn-----elckbca4bdillxfezt3b3h.xn--p1ai/sites/default/files/public/styles/large/public/xf_0.jpg?itok=tOe7rPPS,11 450,3 000,https://ремонт-рулевых-реек.рф/price/jaguar-xf
Jaguar XJ,https://xn-----elckbca4bdillxfezt3b3h.xn--p1ai/sites/default/files/public/styles/large/public/xj.jpg?itok=RLdWqmIa,11 450,3 000,https://ремонт-рулевых-реек.рф/price/jaguar-xj
Nissan 350Z,https://xn-----elckbca4bdillxfezt3b3h.xn--p1ai/sites/default/files/public/styles/large/public/nissan_350z.jpg?itok=xhu-gXRY,10 950,3 000,https://ремонт-рулевых-реек.рф/price/nissan-350z
Nissan Almera,https://xn-----elckbca4bdillxfezt3b3h.xn--p1ai/sites/default/files/public/styles/large/public/nissan-almera-classic.jpg?itok=01nXcJVO,10 950,3 000,https://ремонт-рулевых-реек.рф/price/nissan-almera
Nissan Armada,https://xn-----elckbca4bdillxfezt3b3h.xn--p1ai/sites/default/files/public/styles/large/public/armada.jpg?itok=1GoNvoEq,11 950,4 000,https://ремонт-рулевых-реек.рф/price/nissan-armada
Nissan Bluebird,https://xn-----elckbca4bdillxfezt3b3h.xn--p1ai/sites/default/files/public/styles/large/public/bluebird.jpg?itok=k_o1FisA,10 950,3 000,https://ремонт-рулевых-реек.рф/price/nissan-bluebird
Nissan Cefiro,https://xn-----elckbca4bdillxfezt3b3h.xn--p1ai/sites/default/files/public/styles/large/public/cefiro.jpg?itok=ir860AMV,11 450,3 500,https://ремонт-рулевых-реек.рф/price/nissan-cefiro
Nissan Elgrand,https://xn-----elckbca4bdillxfezt3b3h.xn--p1ai/sites/default/files/public/styles/large/public/elgrand.jpg?itok=--GKA-1j,10 950,3 000,https://ремонт-рулевых-реек.рф/price/nissan-elgrand
Nissan March,https://xn-----elckbca4bdillxfezt3b3h.xn--p1ai/sites/default/files/public/styles/large/public/march.jpg?itok=MVXN0aSe,10 450,3 000,https://ремонт-рулевых-реек.рф/price/nissan-march
Nissan Maxima,https://xn-----elckbca4bdillxfezt3b3h.xn--p1ai/sites/default/files/public/styles/large/public/maxima.jpg?itok=WEMKuJqM,11 450,3 500,https://ремонт-рулевых-реек.рф/price/nissan-maxima
Nissan Micra,https://xn-----elckbca4bdillxfezt3b3h.xn--p1ai/sites/default/files/public/styles/large/public/micra.jpg?itok=_BUjnLzR,10 450,2 500,https://ремонт-рулевых-реек.рф/price/nissan-micra
Nissan Murano,https://xn-----elckbca4bdillxfezt3b3h.xn--p1ai/sites/default/files/public/styles/large/public/murano.jpg?itok=jRu0NYfs,11 950,3 500,https://ремонт-рулевых-реек.рф/price/nissan-murano
Nissan Navara,https://xn-----elckbca4bdillxfezt3b3h.xn--p1ai/sites/default/files/public/styles/large/public/navara.png?itok=ulUo026U,11 950,4 000,https://ремонт-рулевых-реек.рф/price/nissan-navara
Nissan Note,https://xn-----elckbca4bdillxfezt3b3h.xn--p1ai/sites/default/files/public/styles/large/public/note.jpg?itok=eAeZgkCd,10 450,3 000,https://ремонт-рулевых-реек.рф/price/nissan-note
Nissan Pathfinder,https://xn-----elckbca4bdillxfezt3b3h.xn--p1ai/sites/default/files/public/styles/large/public/pathfinder.jpg?itok=wpbHoDTb,11 950,3 500,https://ремонт-рулевых-реек.рф/price/nissan-pathfinder
Nissan Patrol,https://xn-----elckbca4bdillxfezt3b3h.xn--p1ai/sites/default/files/public/styles/large/public/patrol.jpg?itok=ewae0nwx,11 950,3 500,https://ремонт-рулевых-реек.рф/price/nissan-patrol
Nissan Primera P10,https://xn-----elckbca4bdillxfezt3b3h.xn--p1ai/sites/default/files/public/styles/large/public/primera_p10.jpg?itok=_6vSeep2,10 450,3 000,https://ремонт-рулевых-реек.рф/price/nissan-primera-p10
Nissan Primera P11,https://xn-----elckbca4bdillxfezt3b3h.xn--p1ai/sites/default/files/public/styles/large/public/primera_p11.png?itok=0ghDKd8Z,10 950,3 000,https://ремонт-рулевых-реек.рф/price/nissan-primera-p11
Nissan Primera P12,https://xn-----elckbca4bdillxfezt3b3h.xn--p1ai/sites/default/files/public/styles/large/public/p12_primera.jpg?itok=rN46-1zx,10 950,3 500,https://ремонт-рулевых-реек.рф/price/nissan-primera-p12
Nissan Qashqai,https://xn-----elckbca4bdillxfezt3b3h.xn--p1ai/sites/default/files/public/styles/large/public/qashqai.jpg?itok=Ai2u0_Y8,10 450,3 000,https://ремонт-рулевых-реек.рф/price/nissan-qashqai
Nissan Skyline,https://xn-----elckbca4bdillxfezt3b3h.xn--p1ai/sites/default/files/public/styles/large/public/skyline_0.jpg?itok=hYHv7GsY,10 950,3 500,https://ремонт-рулевых-реек.рф/price/nissan-skyline
Nissan Sunny,https://xn-----elckbca4bdillxfezt3b3h.xn--p1ai/sites/default/files/public/styles/large/public/sunny.jpg?itok=uts8_JG2,10 950,3 000,https://ремонт-рулевых-реек.рф/price/nissan-sunny
Nissan Teana,https://xn-----elckbca4bdillxfezt3b3h.xn--p1ai/sites/default/files/public/styles/large/public/teana.jpg?itok=AflQDoAK,11 450,3 500,https://ремонт-рулевых-реек.рф/price/nissan-teana
Nissan Terrano,https://xn-----elckbca4bdillxfezt3b3h.xn--p1ai/sites/default/files/public/styles/large/public/terrano.jpg?itok=gUQUCAIN,11 450,3 000,https://ремонт-рулевых-реек.рф/price/nissan-terrano
Nissan Tiida,https://xn-----elckbca4bdillxfezt3b3h.xn--p1ai/sites/default/files/public/styles/large/public/tiida.jpg?itok=qGDTHYbr,10 450,3 000,https://ремонт-рулевых-реек.рф/price/nissan-tiida
Nissan Wingroad,https://xn-----elckbca4bdillxfezt3b3h.xn--p1ai/sites/default/files/public/styles/large/public/wingroad.jpg?itok=S8xRyB2q,10 950,3 000,https://ремонт-рулевых-реек.рф/price/nissan-wingroad
Nissan X-Trail,https://xn-----elckbca4bdillxfezt3b3h.xn--p1ai/sites/default/files/public/styles/large/public/xtrail.jpeg?itok=vVLZPXZX,10 950,2 500,https://ремонт-рулевых-реек.рф/price/nissan-x-trail
Peugeot 107,https://xn-----elckbca4bdillxfezt3b3h.xn--p1ai/sites/default/files/public/styles/large/public/107.jpg?itok=IivYVXCr,10 450,2 500,https://ремонт-рулевых-реек.рф/price/peugeot-107
Peugeot 206,https://xn-----elckbca4bdillxfezt3b3h.xn--p1ai/sites/default/files/public/styles/large/public/206.jpg?itok=n9mUdEW2,10 450,3 000,https://ремонт-рулевых-реек.рф/price/peugeot-206
Peugeot 207,https://xn-----elckbca4bdillxfezt3b3h.xn--p1ai/sites/default/files/public/styles/large/public/peugeot_207_2009_photos_13_0.jpg?itok=Fs9r1TAf,10 950,3 000,https://ремонт-рулевых-реек.рф/price/peugeot-207
Peugeot 3008,https://xn-----elckbca4bdillxfezt3b3h.xn--p1ai/sites/default/files/public/styles/large/public/new-2017-peugeot-3008-redesign.jpg?itok=nv_pSnOc,11 450,3 000,https://ремонт-рулевых-реек.рф/price/peugeot-3008
Peugeot 306,https://xn-----elckbca4bdillxfezt3b3h.xn--p1ai/sites/default/files/public/styles/large/public/peugeot-306-hatchback-1993-108542.jpg?itok=VaE3w4P2,10 950,3 000,https://ремонт-рулевых-реек.рф/price/peugeot-306
Peugeot 307,https://xn-----elckbca4bdillxfezt3b3h.xn--p1ai/sites/default/files/public/styles/large/public/peugeot_307_australian_322382.jpg?itok=i3YkBos1,10 950,3 000,https://ремонт-рулевых-реек.рф/price/peugeot-307
Peugeot 308,https://xn-----elckbca4bdillxfezt3b3h.xn--p1ai/sites/default/files/public/styles/large/public/peugeot_308_2012_5120109469734321480.jpg?itok=5xnX07cT,10 950,3 000,https://ремонт-рулевых-реек.рф/price/peugeot-308
Peugeot 4007,https://xn-----elckbca4bdillxfezt3b3h.xn--p1ai/sites/default/files/public/styles/large/public/4007_6.jpg?itok=p2igNpZH,10 950,3 000,https://ремонт-рулевых-реек.рф/price/peugeot-4007
Peugeot 405,https://xn-----elckbca4bdillxfezt3b3h.xn--p1ai/sites/default/files/public/styles/large/public/peugeot-405.jpg?itok=AgSL4h7u,11 450,3 000,https://ремонт-рулевых-реек.рф/price/peugeot-405
Peugeot 406,https://xn-----elckbca4bdillxfezt3b3h.xn--p1ai/sites/default/files/public/styles/large/public/406_-1999-2004-.jpg?itok=L91ERLR5,10 950,3 000,https://ремонт-рулевых-реек.рф/price/peugeot-406
Peugeot 407,https://xn-----elckbca4bdillxfezt3b3h.xn--p1ai/sites/default/files/public/styles/large/public/407.png?itok=6XYAM9js,11 450,3 000,https://ремонт-рулевых-реек.рф/price/peugeot-407
Peugeot 408,https://xn-----elckbca4bdillxfezt3b3h.xn--p1ai/sites/default/files/public/styles/large/public/408.jpg?itok=0Zq5z-kw,11 450,3 000,https://ремонт-рулевых-реек.рф/price/peugeot-408
Peugeot 605,https://xn-----elckbca4bdillxfezt3b3h.xn--p1ai/sites/default/files/public/styles/large/public/605.jpg?itok=rwRo6eHh,11 450,3 000,https://ремонт-рулевых-реек.рф/price/peugeot-605
Peugeot 607,https://xn-----elckbca4bdillxfezt3b3h.xn--p1ai/sites/default/files/public/styles/large/public/607.jpg?itok=1pP0uTkZ,11 450,3 000,https://ремонт-рулевых-реек.рф/price/peugeot-607
Peugeot Boxer,https://xn-----elckbca4bdillxfezt3b3h.xn--p1ai/sites/default/files/public/styles/large/public/peugeot-boxer.jpg?itok=y-VAhvCx,11 450,3 000,https://ремонт-рулевых-реек.рф/price/peugeot-boxer
Suzuki Grand Vitara,https://xn-----elckbca4bdillxfezt3b3h.xn--p1ai/sites/default/files/public/styles/large/public/suzuki_gv.jpeg?itok=23zTYxog,10 950,3 500,https://ремонт-рулевых-реек.рф/price/suzuki-grand-vitara
Suzuki Liana,https://xn-----elckbca4bdillxfezt3b3h.xn--p1ai/sites/default/files/public/styles/large/public/liana.jpeg?itok=7h_Kgfa3,10 950,3 500,https://ремонт-рулевых-реек.рф/price/suzuki-liana
Suzuki Swift,https://xn-----elckbca4bdillxfezt3b3h.xn--p1ai/sites/default/files/public/styles/large/public/suzuki_swift_416099.jpg?itok=2SXNyzHg,9 950,3 000,https://ремонт-рулевых-реек.рф/price/suzuki-swift
Suzuki SX4,https://xn-----elckbca4bdillxfezt3b3h.xn--p1ai/sites/default/files/public/styles/large/public/sx4.jpg?itok=kAVl5DlF,9 950,3 000,https://ремонт-рулевых-реек.рф/price/suzuki-sx4
Suzuki Vitara - Escudo,https://xn-----elckbca4bdillxfezt3b3h.xn--p1ai/sites/default/files/public/styles/large/public/suzuki_escudo_suv_5_door_2005.jpg?itok=ya37Z2aN,10 450,3 500,https://ремонт-рулевых-реек.рф/price/suzuki-vitara-escudo
Renault 19,https://xn-----elckbca4bdillxfezt3b3h.xn--p1ai/sites/default/files/public/styles/large/public/19.jpg?itok=vPCE9Dyz,10 950,3 000,https://ремонт-рулевых-реек.рф/price/renault-19
Renault Clio,https://xn-----elckbca4bdillxfezt3b3h.xn--p1ai/sites/default/files/public/styles/large/public/renault-clio-08.jpg?itok=IzlajXcV,10 950,3 000,https://ремонт-рулевых-реек.рф/price/renault-clio
Renault Duster,https://xn-----elckbca4bdillxfezt3b3h.xn--p1ai/sites/default/files/public/styles/large/public/duster.jpg?itok=yJE8c2cZ,10 950,3 000,https://ремонт-рулевых-реек.рф/price/renault-duster
Renault Espace,https://xn-----elckbca4bdillxfezt3b3h.xn--p1ai/sites/default/files/public/styles/large/public/espace.jpg?itok=UfndNCiJ,10 450,3 000,https://ремонт-рулевых-реек.рф/price/renault-espace
Renault Fluence,https://xn-----elckbca4bdillxfezt3b3h.xn--p1ai/sites/default/files/public/styles/large/public/renault_fluence_2013_6650116468700791450.jpg?itok=zIwrwsap,10 950,3 000,https://ремонт-рулевых-реек.рф/price/renault-fluence
Renault Kangoo,https://xn-----elckbca4bdillxfezt3b3h.xn--p1ai/sites/default/files/public/styles/large/public/kangoo.jpg?itok=Ksdqujl7,10 950,3 000,https://ремонт-рулевых-реек.рф/price/renault-kangoo
Renault Koleos,https://xn-----elckbca4bdillxfezt3b3h.xn--p1ai/sites/default/files/public/styles/large/public/renault_koleos_2013_2890125460061217523.jpg?itok=ftRFk9uT,11 450,3 000,https://ремонт-рулевых-реек.рф/price/renault-koleos
Renault Laguna,https://xn-----elckbca4bdillxfezt3b3h.xn--p1ai/sites/default/files/public/styles/large/public/renault_laguna_pic_79736_0.jpg?itok=avPevZ8R,10 950,3 000,https://ремонт-рулевых-реек.рф/price/renault-laguna
Renault Logan,https://xn-----elckbca4bdillxfezt3b3h.xn--p1ai/sites/default/files/public/styles/large/public/renault-logan-01.jpg?itok=ZR7aEV-3,9 950,3 000,https://ремонт-рулевых-реек.рф/price/renault-logan
Renault Megane,https://xn-----elckbca4bdillxfezt3b3h.xn--p1ai/sites/default/files/public/styles/large/public/renault_megane_1_5_dci_106_dynamique_5dr_924677906094120466.jpg?itok=op2HyfhZ,11 450,3 000,https://ремонт-рулевых-реек.рф/price/renault-megane
Renault Sandero,https://xn-----elckbca4bdillxfezt3b3h.xn--p1ai/sites/default/files/public/styles/large/public/sandero.jpg?itok=aZc-F9g_,10 950,2 500,https://ремонт-рулевых-реек.рф/price/renault-sandero
Renault Scenic,https://xn-----elckbca4bdillxfezt3b3h.xn--p1ai/sites/default/files/public/styles/large/public/scenic-2.0-140-cvt-06.jpg?itok=JpDHMFLS,11 450,3 000,https://ремонт-рулевых-реек.рф/price/renault-scenic
Renault Symbol,https://xn-----elckbca4bdillxfezt3b3h.xn--p1ai/sites/default/files/public/styles/large/public/renault-symbol.jpg?itok=Sgu-krKC,10 950,3 000,https://ремонт-рулевых-реек.рф/price/renault-symbol
Volvo 240,https://xn-----elckbca4bdillxfezt3b3h.xn--p1ai/sites/default/files/public/styles/large/public/volvo-240-gle_d9e9b.jpg?itok=IbgIghMb,11 450,3 000,https://ремонт-рулевых-реек.рф/price/volvo-240
Volvo 440,https://xn-----elckbca4bdillxfezt3b3h.xn--p1ai/sites/default/files/public/styles/large/public/volvo_1995_440.jpg?itok=bqJ_puJ_,11 450,3 000,https://ремонт-рулевых-реек.рф/price/volvo-440
Volvo 460,https://xn-----elckbca4bdillxfezt3b3h.xn--p1ai/sites/default/files/public/styles/large/public/460.jpg?itok=xAOgHVae,11 450,3 000,https://ремонт-рулевых-реек.рф/price/volvo-460
Volvo 740,https://xn-----elckbca4bdillxfezt3b3h.xn--p1ai/sites/default/files/public/styles/large/public/740_estate.jpg?itok=HxJaMRA0,11 450,3 000,https://ремонт-рулевых-реек.рф/price/volvo-740
Volvo 760,https://xn-----elckbca4bdillxfezt3b3h.xn--p1ai/sites/default/files/public/styles/large/public/volvo_760.jpg?itok=6OiQ2c4D,11 450,3 000,https://ремонт-рулевых-реек.рф/price/volvo-760
Volvo 850,https://xn-----elckbca4bdillxfezt3b3h.xn--p1ai/sites/default/files/public/styles/large/public/volvo-850-glt-amp-turbo-9497-accessories-middot-volvo-850-glgleglt-9293_f0285.jpg?itok=cj4hcGdR,11 450,3 000,https://ремонт-рулевых-реек.рф/price/volvo-850
Volvo 940,https://xn-----elckbca4bdillxfezt3b3h.xn--p1ai/sites/default/files/public/styles/large/public/volvo_940.jpg?itok=GWqMTPZA,11 450,3 000,https://ремонт-рулевых-реек.рф/price/volvo-940
Volvo 960,https://xn-----elckbca4bdillxfezt3b3h.xn--p1ai/sites/default/files/public/styles/large/public/960.jpg?itok=5tTt3OVP,11 450,3 000,https://ремонт-рулевых-реек.рф/price/volvo-960
Volvo C30,https://xn-----elckbca4bdillxfezt3b3h.xn--p1ai/sites/default/files/public/styles/large/public/volvo-c30.jpg?itok=OCQ3EgSn,11 450,3 000,https://ремонт-рулевых-реек.рф/price/volvo-c30
Volvo C70,https://xn-----elckbca4bdillxfezt3b3h.xn--p1ai/sites/default/files/public/styles/large/public/volvo-c70.jpg?itok=OeTgQgZA,11 450,3 000,https://ремонт-рулевых-реек.рф/price/volvo-c70
Volvo S40,https://xn-----elckbca4bdillxfezt3b3h.xn--p1ai/sites/default/files/public/styles/large/public/s40.jpg?itok=lawBqvz9,11 450,3 000,https://ремонт-рулевых-реек.рф/price/volvo-s40
Volvo S60,https://xn-----elckbca4bdillxfezt3b3h.xn--p1ai/sites/default/files/public/styles/large/public/2012_volvo_s60.jpg?itok=NWALhOYK,11 950,3 000,https://ремонт-рулевых-реек.рф/price/volvo-s60
Volvo S70,https://xn-----elckbca4bdillxfezt3b3h.xn--p1ai/sites/default/files/public/styles/large/public/s70.jpg?itok=zzQi8dpP,11 950,3 000,https://ремонт-рулевых-реек.рф/price/volvo-s70
Volvo S80,https://xn-----elckbca4bdillxfezt3b3h.xn--p1ai/sites/default/files/public/styles/large/public/s80.jpeg?itok=HJ3IDLW8,11 950,3 000,https://ремонт-рулевых-реек.рф/price/volvo-s80
Volvo S90,https://xn-----elckbca4bdillxfezt3b3h.xn--p1ai/sites/default/files/public/styles/large/public/m_2016-volvo-s90-t8-plug-in-hibrit-2-0-407-hp-geartronic-6.jpg?itok=IK0hJ0Ix,11 950,3 000,https://ремонт-рулевых-реек.рф/price/volvo-s90
Volvo V40,https://xn-----elckbca4bdillxfezt3b3h.xn--p1ai/sites/default/files/public/styles/large/public/volvo_v40.jpg?itok=iVPi0aWA,11 450,3 000,https://ремонт-рулевых-реек.рф/price/volvo-v40
Volvo V50,https://xn-----elckbca4bdillxfezt3b3h.xn--p1ai/sites/default/files/public/styles/large/public/volvo-v50.jpg?itok=gtVMXDmP,11 450,3 000,https://ремонт-рулевых-реек.рф/price/volvo-v50
Volvo V70,https://xn-----elckbca4bdillxfezt3b3h.xn--p1ai/sites/default/files/public/styles/large/public/volvo-v70-white-8.jpg?itok=9TJML2bN,11 450,3 000,https://ремонт-рулевых-реек.рф/price/volvo-v70
Volvo XC60,https://xn-----elckbca4bdillxfezt3b3h.xn--p1ai/sites/default/files/public/styles/large/public/volvo_xc60.jpg?itok=a8iY_koD,12 450,3 000,https://ремонт-рулевых-реек.рф/price/volvo-xc60
Volvo XC70,https://xn-----elckbca4bdillxfezt3b3h.xn--p1ai/sites/default/files/public/styles/large/public/xc70.png?itok=kI7kRQLD,12 450,3 500,https://ремонт-рулевых-реек.рф/price/volvo-xc70
Volvo XC90,https://xn-----elckbca4bdillxfezt3b3h.xn--p1ai/sites/default/files/public/styles/large/public/xc90.jpg?itok=kr4l2Z9t,12 450,4 000,https://ремонт-рулевых-реек.рф/price/volvo-xc90
Skoda Fabia,https://xn-----elckbca4bdillxfezt3b3h.xn--p1ai/sites/default/files/public/styles/large/public/fabia.jpg?itok=93hD0-iE,11 450,3 000,https://ремонт-рулевых-реек.рф/price/skoda-fabia
Skoda Felicia,https://xn-----elckbca4bdillxfezt3b3h.xn--p1ai/sites/default/files/public/styles/large/public/felicia.jpg?itok=P0kMC8rp,10 450,3 000,https://ремонт-рулевых-реек.рф/price/skoda-felicia
Skoda Octavia,https://xn-----elckbca4bdillxfezt3b3h.xn--p1ai/sites/default/files/public/styles/large/public/octavia.png?itok=MYesZoHn,10 950,3 000,https://ремонт-рулевых-реек.рф/price/skoda-octavia
Skoda Roomster,https://xn-----elckbca4bdillxfezt3b3h.xn--p1ai/sites/default/files/public/styles/large/public/roomster.jpg?itok=FMx9NiCv,10 950,3 500,https://ремонт-рулевых-реек.рф/price/skoda-roomster
Skoda Superb,https://xn-----elckbca4bdillxfezt3b3h.xn--p1ai/sites/default/files/public/styles/large/public/superb.png?itok=6fFE_YvY,10 950,3 500,https://ремонт-рулевых-реек.рф/price/skoda-superb
Skoda Yeti,https://xn-----elckbca4bdillxfezt3b3h.xn--p1ai/sites/default/files/public/styles/large/public/yeti3-1.jpg?itok=t1O2MeRf,11 450,3 500,https://ремонт-рулевых-реек.рф/price/skoda-yeti
Cadillac CTS,https://xn-----elckbca4bdillxfezt3b3h.xn--p1ai/sites/default/files/public/styles/large/public/2014-cadillac-cts.jpg?itok=NAiBkx3_,11 450,3 000,https://ремонт-рулевых-реек.рф/price/cadillac-cts
Cadillac Escalade,https://xn-----elckbca4bdillxfezt3b3h.xn--p1ai/sites/default/files/public/styles/large/public/2011-cadillac-escalade-suv-base-4x2-exterior-front-side-view.png?itok=NaCOY0i4,11 450,3 500,https://ремонт-рулевых-реек.рф/price/cadillac-escalade
Cadillac Seville,https://xn-----elckbca4bdillxfezt3b3h.xn--p1ai/sites/default/files/public/styles/large/public/novyi_6.png?itok=HibJDpZu,11 950,3 000,https://ремонт-рулевых-реек.рф/price/cadillac-seville
Cadillac SRX,https://xn-----elckbca4bdillxfezt3b3h.xn--p1ai/sites/default/files/public/styles/large/public/2010-cadillac-srx.jpg?itok=625L5J6j,11 950,3 000,https://ремонт-рулевых-реек.рф/price/cadillac-srx
Volkswagen Beetle,https://xn-----elckbca4bdillxfezt3b3h.xn--p1ai/sites/default/files/public/styles/large/public/beetle.jpg?itok=Mr9F9qjZ,10 950,2 500,https://ремонт-рулевых-реек.рф/price/volkswagen-beetle
Volkswagen Bora,https://xn-----elckbca4bdillxfezt3b3h.xn--p1ai/sites/default/files/public/styles/large/public/vwbora.jpg?itok=ZwiqUa71,10 950,3 000,https://ремонт-рулевых-реек.рф/price/volkswagen-bora
Volkswagen Caddy,https://xn-----elckbca4bdillxfezt3b3h.xn--p1ai/sites/default/files/public/styles/large/public/caddy.jpg?itok=yy22SUoO,11 450,3 000,https://ремонт-рулевых-реек.рф/price/volkswagen-caddy
Volkswagen Corrado,https://xn-----elckbca4bdillxfezt3b3h.xn--p1ai/sites/default/files/public/styles/large/public/corrado.png?itok=VEfk2_Ud,10 950,3 000,https://ремонт-рулевых-реек.рф/price/volkswagen-corrado
Volkswagen Eos,https://xn-----elckbca4bdillxfezt3b3h.xn--p1ai/sites/default/files/public/styles/large/public/eos.jpg?itok=gfdW193Z,10 950,2 500,https://ремонт-рулевых-реек.рф/price/volkswagen-eos
Volkswagen Fox,https://xn-----elckbca4bdillxfezt3b3h.xn--p1ai/sites/default/files/public/styles/large/public/volkswagen-fox-3.jpg?itok=NcLeNfyF,10 950,2 500,https://ремонт-рулевых-реек.рф/price/volkswagen-fox
Volkswagen Golf,https://xn-----elckbca4bdillxfezt3b3h.xn--p1ai/sites/default/files/public/styles/large/public/2012_volkswagen_golf_13387.jpg?itok=hkWSJWWs,10 950,3 000,https://ремонт-рулевых-реек.рф/price/volkswagen-golf
Volkswagen Jetta,https://xn-----elckbca4bdillxfezt3b3h.xn--p1ai/sites/default/files/public/styles/large/public/vw-jetta-iv-2011_.jpg?itok=H2r0BUA1,11 450,3 000,https://ремонт-рулевых-реек.рф/price/volkswagen-jetta
Volkswagen Lupo,https://xn-----elckbca4bdillxfezt3b3h.xn--p1ai/sites/default/files/public/styles/large/public/image.php_.jpg?itok=w-yEemlX,10 950,3 000,https://ремонт-рулевых-реек.рф/price/volkswagen-lupo
Volkswagen Multivan,https://xn-----elckbca4bdillxfezt3b3h.xn--p1ai/sites/default/files/public/styles/large/public/multivan.jpg?itok=Rfwo0L4_,11 450,3 500,https://ремонт-рулевых-реек.рф/price/volkswagen-multivan
Volkswagen Passat,https://xn-----elckbca4bdillxfezt3b3h.xn--p1ai/sites/default/files/public/styles/large/public/passat.jpg?itok=eCKovTz_,11 450,3 000,https://ремонт-рулевых-реек.рф/price/volkswagen-passat
Volkswagen Phaeton,https://xn-----elckbca4bdillxfezt3b3h.xn--p1ai/sites/default/files/public/styles/large/public/23.jpg?itok=tWnAMpeR,11 950,3 500,https://ремонт-рулевых-реек.рф/price/volkswagen-phaeton
Volkswagen Pointer,https://xn-----elckbca4bdillxfezt3b3h.xn--p1ai/sites/default/files/public/styles/large/public/pointer.jpg?itok=iHUsY6D8,10 950,3 000,https://ремонт-рулевых-реек.рф/price/volkswagen-pointer
Volkswagen Polo,https://xn-----elckbca4bdillxfezt3b3h.xn--p1ai/sites/default/files/public/styles/large/public/volkswagen_polo_hatchback_3_door_1984.jpg?itok=NbBzLO2t,10 950,2 500,https://ремонт-рулевых-реек.рф/price/volkswagen-polo
Volkswagen Scirocco,https://xn-----elckbca4bdillxfezt3b3h.xn--p1ai/sites/default/files/public/styles/large/public/scirocco.jpg?itok=oRwYCf-N,10 950,3 000,https://ремонт-рулевых-реек.рф/price/volkswagen-scirocco
Volkswagen Sharan,https://xn-----elckbca4bdillxfezt3b3h.xn--p1ai/sites/default/files/public/styles/large/public/sharan.png?itok=NS99_oEw,10 950,2 500,https://ремонт-рулевых-реек.рф/price/volkswagen-sharan
Volkswagen Tiguan,https://xn-----elckbca4bdillxfezt3b3h.xn--p1ai/sites/default/files/public/styles/large/public/tiguan.jpg?itok=h1JRwFMf,11 450,3 000,https://ремонт-рулевых-реек.рф/price/volkswagen-tiguan
Volkswagen Touareg,https://xn-----elckbca4bdillxfezt3b3h.xn--p1ai/sites/default/files/public/styles/large/public/touareg.jpg?itok=2CGB4tJF,12 950,3 500,https://ремонт-рулевых-реек.рф/price/volkswagen-touareg
Volkswagen Touran,https://xn-----elckbca4bdillxfezt3b3h.xn--p1ai/sites/default/files/public/styles/large/public/touran.jpg?itok=Fls7qNxc,10 950,3 000,https://ремонт-рулевых-реек.рф/price/volkswagen-touran
Volkswagen Vento,https://xn-----elckbca4bdillxfezt3b3h.xn--p1ai/sites/default/files/public/styles/large/public/vento.jpg?itok=EkgReqBm,10 950,3 000,https://ремонт-рулевых-реек.рф/price/volkswagen-vento
Chery Amulet,https://xn-----elckbca4bdillxfezt3b3h.xn--p1ai/sites/default/files/public/styles/large/public/otzyv-o-chery-amulet-u41e89wmu9_241.jpg?itok=LrhCXxrh,10 450,3 000,https://ремонт-рулевых-реек.рф/price/chery-amulet
Chery Fora,https://xn-----elckbca4bdillxfezt3b3h.xn--p1ai/sites/default/files/public/styles/large/public/1_2.jpg?itok=S0nRmCk6,10 450,3 000,https://ремонт-рулевых-реек.рф/price/chery-fora
Chery Kimo,https://xn-----elckbca4bdillxfezt3b3h.xn--p1ai/sites/default/files/public/styles/large/public/kimo_1b.jpg?itok=jBW2e8Lt,10 950,3 000,https://ремонт-рулевых-реек.рф/price/chery-kimo
Chery QQ,https://xn-----elckbca4bdillxfezt3b3h.xn--p1ai/sites/default/files/public/styles/large/public/novyi_7.png?itok=ESYig8D6,10 950,3 000,https://ремонт-рулевых-реек.рф/price/chery-qq
Chery Tiggo,https://xn-----elckbca4bdillxfezt3b3h.xn--p1ai/sites/default/files/public/styles/large/public/chery-eastar-2-4l-tiggo-2-0l-sqr481f-cylinder-head.jpg?itok=uTqB5511,10 950,3 000,https://ремонт-рулевых-реек.рф/price/chery-tiggo
GMC Yukon,https://xn-----elckbca4bdillxfezt3b3h.xn--p1ai/sites/default/files/public/styles/large/public/gmc-yukon-02.jpg?itok=jGtc6sQS,10 950,4 000,https://ремонт-рулевых-реек.рф/price/gmc-yukon
Audi 100,https://xn-----elckbca4bdillxfezt3b3h.xn--p1ai/sites/default/files/public/styles/large/public/audi-avant-44-44q-c3-2-8914sm.jpeg?itok=jI8cINfH,10 950,3 500,https://ремонт-рулевых-реек.рф/price/audi-100
Audi 80,https://xn-----elckbca4bdillxfezt3b3h.xn--p1ai/sites/default/files/public/styles/large/public/audi_80_sedan_1984.jpg?itok=JfIERwE4,10 950,3 000,https://ремонт-рулевых-реек.рф/price/audi-80
Audi A1,https://xn-----elckbca4bdillxfezt3b3h.xn--p1ai/sites/default/files/public/styles/large/public/novyi_0.png?itok=P6tvC6Vy,10 950,2 500,https://ремонт-рулевых-реек.рф/price/audi-a1
Audi A3,https://xn-----elckbca4bdillxfezt3b3h.xn--p1ai/sites/default/files/public/styles/large/public/audi-a3-16-1.jpg?itok=ehd2Y4Cx,10 950,3 000,https://ремонт-рулевых-реек.рф/price/audi-a3
Audi A4,https://xn-----elckbca4bdillxfezt3b3h.xn--p1ai/sites/default/files/public/styles/large/public/3duadvds9mwyr84csaxmjah573.jpg?itok=PhsdaWD1,11 450,3 500,https://ремонт-рулевых-реек.рф/price/audi-a4
Audi A5,https://xn-----elckbca4bdillxfezt3b3h.xn--p1ai/sites/default/files/public/styles/large/public/2d0d8e08d8f95de90a420311338ee6ca.jpeg?itok=4wlkSLw2,11 450,3 000,https://ремонт-рулевых-реек.рф/price/audi-a5
Audi A6,https://xn-----elckbca4bdillxfezt3b3h.xn--p1ai/sites/default/files/public/styles/large/public/2fe79c2d0c3261f7422aecf76e93bfae.jpg?itok=bpqZ8j3f,11 450,3 500,https://ремонт-рулевых-реек.рф/price/audi-a6
Audi A6 Allroad,https://xn-----elckbca4bdillxfezt3b3h.xn--p1ai/sites/default/files/public/styles/large/public/audi_a6_allroad_original.jpg?itok=Ro1b5HM-,11 450,4 000,https://ремонт-рулевых-реек.рф/price/audi-a6-allroad
Audi A8,https://xn-----elckbca4bdillxfezt3b3h.xn--p1ai/sites/default/files/public/styles/large/public/51945.jpg?itok=Zmn1tlDo,11 450,3 500,https://ремонт-рулевых-реек.рф/price/audi-a8
Audi Q3,https://xn-----elckbca4bdillxfezt3b3h.xn--p1ai/sites/default/files/public/styles/large/public/audi-q3.jpg?itok=YpXvOCsG,11 950,4 500,https://ремонт-рулевых-реек.рф/price/audi-q3
Audi Q5,https://xn-----elckbca4bdillxfezt3b3h.xn--p1ai/sites/default/files/public/styles/large/public/2012-audi-q5-9.jpg?itok=OxJY9Yvt,11 950,4 500,https://ремонт-рулевых-реек.рф/price/audi-q5
Audi Q7,https://xn-----elckbca4bdillxfezt3b3h.xn--p1ai/sites/default/files/public/styles/large/public/682.jpeg?itok=V3PWSrs_,11 950,4 500,https://ремонт-рулевых-реек.рф/price/audi-q7
Audi S6,https://xn-----elckbca4bdillxfezt3b3h.xn--p1ai/sites/default/files/public/styles/large/public/2011-audi-s6-4-door-sedan-prestige-angular-front-exterior-view_100322085_l.jpg?itok=PkKzKLG2,11 950,4 500,https://ремонт-рулевых-реек.рф/price/audi-s6
Audi TT,https://xn-----elckbca4bdillxfezt3b3h.xn--p1ai/sites/default/files/public/styles/large/public/2014-audi-tt-2-door-coupe-s-tronic-quattro-2-0t-angular-front-exterior-view_100455198_l.jpg?itok=1OxI_PlE,11 950,3 000,https://ремонт-рулевых-реек.рф/price/audi-tt
Fiat Albea,https://xn-----elckbca4bdillxfezt3b3h.xn--p1ai/sites/default/files/public/styles/large/public/fiat_albea_2010_1550124443386291024.jpg?itok=NK7cRwCl,10 950,3 000,https://ремонт-рулевых-реек.рф/price/fiat-albea
Fiat Croma,https://xn-----elckbca4bdillxfezt3b3h.xn--p1ai/sites/default/files/public/styles/large/public/2048x1536_580838_www.artfile.ru_.jpg?itok=O8fFmVeG,10 950,3 000,https://ремонт-рулевых-реек.рф/price/fiat-croma
Fiat Doblo,https://xn-----elckbca4bdillxfezt3b3h.xn--p1ai/sites/default/files/public/styles/large/public/52192_708x531.jpg?itok=UnU8Thh7,11 450,3 000,https://ремонт-рулевых-реек.рф/price/fiat-doblo
Fiat Ducato,https://xn-----elckbca4bdillxfezt3b3h.xn--p1ai/sites/default/files/public/styles/large/public/novyi_15.png?itok=F31Bc3ZX,11 450,3 500,https://ремонт-рулевых-реек.рф/price/fiat-ducato
Fiat Punto,https://xn-----elckbca4bdillxfezt3b3h.xn--p1ai/sites/default/files/public/styles/large/public/fiat-grande-punto-2348.jpg?itok=Pdelyh-l,10 950,3 000,https://ремонт-рулевых-реек.рф/price/fiat-punto
Daewoo Espero,https://xn-----elckbca4bdillxfezt3b3h.xn--p1ai/sites/default/files/public/styles/large/public/16912.jpg?itok=mkCiAadL,10 950,3 000,https://ремонт-рулевых-реек.рф/price/daewoo-espero
Daewoo Lanos,https://xn-----elckbca4bdillxfezt3b3h.xn--p1ai/sites/default/files/public/styles/large/public/daewoo-lanos.jpg?itok=3JrnE7IM,10 450,3 000,https://ремонт-рулевых-реек.рф/price/daewoo-lanos
Daewoo Matiz,https://xn-----elckbca4bdillxfezt3b3h.xn--p1ai/sites/default/files/public/styles/large/public/c79c42e97ac5b1ff9face742c5b904bd_gallery_original.jpg?itok=AssLuAHI,9 950,2 500,https://ремонт-рулевых-реек.рф/price/daewoo-matiz
Daewoo Nexia,https://xn-----elckbca4bdillxfezt3b3h.xn--p1ai/sites/default/files/public/styles/large/public/daewoo_nexia_2002_2630124437947978854.jpg?itok=tJKjDejM,10 450,3 500,https://ремонт-рулевых-реек.рф/price/daewoo-nexia
Chrysler 300C,https://xn-----elckbca4bdillxfezt3b3h.xn--p1ai/sites/default/files/public/styles/large/public/2014-chrysler-300c-sedan-base-4dr-rear-wheel-drive-sedan-photo-2.png?itok=PQrGNwyZ,10 950,3 500,https://ремонт-рулевых-реек.рф/price/chrysler-300c
Chrysler 300M,https://xn-----elckbca4bdillxfezt3b3h.xn--p1ai/sites/default/files/public/styles/large/public/novyi_9.png?itok=0BY8cjGp,10 950,3 500,https://ремонт-рулевых-реек.рф/price/chrysler-300m
Chrysler Cirrus,https://xn-----elckbca4bdillxfezt3b3h.xn--p1ai/sites/default/files/public/styles/large/public/novyi_11.png?itok=kuuPox8s,10 950,3 000,https://ремонт-рулевых-реек.рф/price/chrysler-cirrus
Chrysler Pacifica,https://xn-----elckbca4bdillxfezt3b3h.xn--p1ai/sites/default/files/public/styles/large/public/novyi_10.png?itok=sAfM9a0b,10 950,3 500,https://ремонт-рулевых-реек.рф/price/chrysler-pacifica
Chrysler PT Cruiser,https://xn-----elckbca4bdillxfezt3b3h.xn--p1ai/sites/default/files/public/styles/large/public/chrysler_pt_cruiser_base_2009_exterior_angularfront.jpg?itok=LoSd99vf,10 450,3 500,https://ремонт-рулевых-реек.рф/price/chrysler-pt-cruiser
Chrysler Saratoga,https://xn-----elckbca4bdillxfezt3b3h.xn--p1ai/sites/default/files/public/styles/large/public/saratoga.jpg?itok=Lavhy9pV,10 950,3 000,https://ремонт-рулевых-реек.рф/price/chrysler-saratoga
Chrysler Sebring,https://xn-----elckbca4bdillxfezt3b3h.xn--p1ai/sites/default/files/public/styles/large/public/front_driver_side_view_640.png?itok=3Lagc76i,10 950,3 000,https://ремонт-рулевых-реек.рф/price/chrysler-sebring
Chrysler Stratus,https://xn-----elckbca4bdillxfezt3b3h.xn--p1ai/sites/default/files/public/styles/large/public/chrysler_stratus.jpg?itok=jx169Dhw,10 950,3 000,https://ремонт-рулевых-реек.рф/price/chrysler-stratus
Chrysler Voyager,https://xn-----elckbca4bdillxfezt3b3h.xn--p1ai/sites/default/files/public/styles/large/public/novyi_12.png?itok=0-BGFOng,10 950,3 500,https://ремонт-рулевых-реек.рф/price/chrysler-voyager
Hummer H2,https://xn-----elckbca4bdillxfezt3b3h.xn--p1ai/sites/default/files/public/styles/large/public/hummer_h2_26.jpg?itok=GZpEwp7B,12 450,4 500,https://ремонт-рулевых-реек.рф/price/hummer-h2
Hummer H3,https://xn-----elckbca4bdillxfezt3b3h.xn--p1ai/sites/default/files/public/styles/large/public/2914111.jpg?itok=RrzMjkry,12 450,4 500,https://ремонт-рулевых-реек.рф/price/hummer-h3
Kia Carens,https://xn-----elckbca4bdillxfezt3b3h.xn--p1ai/sites/default/files/public/styles/large/public/carens.jpg?itok=9cZ_k9_u,10 950,3 000,https://ремонт-рулевых-реек.рф/price/kia-carens
Kia Carnival,https://xn-----elckbca4bdillxfezt3b3h.xn--p1ai/sites/default/files/public/styles/large/public/carnival.jpg?itok=1QTx0OTJ,10 950,3 000,https://ремонт-рулевых-реек.рф/price/kia-carnival
Kia Cee'd,https://xn-----elckbca4bdillxfezt3b3h.xn--p1ai/sites/default/files/public/styles/large/public/ceed.jpg?itok=JloOooWT,10 450,2 500,https://ремонт-рулевых-реек.рф/price/kia-ceed
Kia Cerato,https://xn-----elckbca4bdillxfezt3b3h.xn--p1ai/sites/default/files/public/styles/large/public/cerato.jpg?itok=YWEg8d29,10 950,2 500,https://ремонт-рулевых-реек.рф/price/kia-cerato
Kia Magentis,https://xn-----elckbca4bdillxfezt3b3h.xn--p1ai/sites/default/files/public/styles/large/public/magentis.jpg?itok=Tcp2SnF7,11 450,3 000,https://ремонт-рулевых-реек.рф/price/kia-magentis
Kia Optima,https://xn-----elckbca4bdillxfezt3b3h.xn--p1ai/sites/default/files/public/styles/large/public/optima.jpg?itok=e-1B6qvy,10 950,3 000,https://ремонт-рулевых-реек.рф/price/kia-optima
Kia Picanto,https://xn-----elckbca4bdillxfezt3b3h.xn--p1ai/sites/default/files/public/styles/large/public/picanto.png?itok=DKYBkKMZ,10 450,2 500,https://ремонт-рулевых-реек.рф/price/kia-picanto
Kia Rio 2/3,https://xn-----elckbca4bdillxfezt3b3h.xn--p1ai/sites/default/files/public/styles/large/public/rio.jpg?itok=wWoOpE_Y,10 950,2 500,https://ремонт-рулевых-реек.рф/price/kia-rio-23
Kia Shuma,https://xn-----elckbca4bdillxfezt3b3h.xn--p1ai/sites/default/files/public/styles/large/public/shuma_0.jpg?itok=SXF2sNKj,10 450,2 500,https://ремонт-рулевых-реек.рф/price/kia-shuma
Kia Sorento,https://xn-----elckbca4bdillxfezt3b3h.xn--p1ai/sites/default/files/public/styles/large/public/sorento.jpg?itok=8BJ2MoqL,11 450,3 000,https://ремонт-рулевых-реек.рф/price/kia-sorento
Kia Soul,https://xn-----elckbca4bdillxfezt3b3h.xn--p1ai/sites/default/files/public/styles/large/public/soul.jpg?itok=9i7LFXl3,10 450,2 500,https://ремонт-рулевых-реек.рф/price/kia-soul
Kia Spectra,https://xn-----elckbca4bdillxfezt3b3h.xn--p1ai/sites/default/files/public/styles/large/public/spectra.jpg?itok=6MxQJfXL,10 950,3 000,https://ремонт-рулевых-реек.рф/price/kia-spectra
Kia Sportage 2/3,https://xn-----elckbca4bdillxfezt3b3h.xn--p1ai/sites/default/files/public/styles/large/public/sportage.jpg?itok=3gKsnLMi,11 450,3 000,https://ремонт-рулевых-реек.рф/price/kia-sportage-23
Mini Cooper,https://xn-----elckbca4bdillxfezt3b3h.xn--p1ai/sites/default/files/public/styles/large/public/2014-mini-cooper-countryman-fwd-4-door-s-angular-front-exterior-view_100456596_l_1.jpg?itok=9V4yMMox,11 450,3 000,https://ремонт-рулевых-реек.рф/price/mini-cooper
"Land Rover (RR, RRS)",https://xn-----elckbca4bdillxfezt3b3h.xn--p1ai/sites/default/files/public/styles/large/public/land-rover-range-rover-sport.jpg?itok=2ngBXZyu,12 950,4 500,https://ремонт-рулевых-реек.рф/price/land-rover-rr-rrs
Land Rover Discovery 1,https://xn-----elckbca4bdillxfezt3b3h.xn--p1ai/sites/default/files/public/styles/large/public/1_3.jpg?itok=HDtEzrB0,11 950,3 500,https://ремонт-рулевых-реек.рф/price/land-rover-discovery-1
Land Rover Discovery 2,https://xn-----elckbca4bdillxfezt3b3h.xn--p1ai/sites/default/files/public/styles/large/public/2_1.jpg?itok=mJCYX16U,11 950,4 500,https://ремонт-рулевых-реек.рф/price/land-rover-discovery-2
Land Rover Freelander,https://xn-----elckbca4bdillxfezt3b3h.xn--p1ai/sites/default/files/public/styles/large/public/freelander.jpg?itok=BO_YBEQC,11 950,3 000,https://ремонт-рулевых-реек.рф/price/land-rover-freelander
Hyundai Accent,https://xn-----elckbca4bdillxfezt3b3h.xn--p1ai/sites/default/files/public/styles/large/public/accent.jpg?itok=OKDj19xv,10 950,3 000,https://ремонт-рулевых-реек.рф/price/hyundai-accent
Hyundai Elantra,https://xn-----elckbca4bdillxfezt3b3h.xn--p1ai/sites/default/files/public/styles/large/public/elantra.jpg?itok=WE8Mw7Se,11 450,2 500,https://ремонт-рулевых-реек.рф/price/hyundai-elantra
Hyundai Galloper,https://xn-----elckbca4bdillxfezt3b3h.xn--p1ai/sites/default/files/public/styles/large/public/galloper.jpg?itok=qXZLTNOV,11 450,3 500,https://ремонт-рулевых-реек.рф/price/hyundai-galloper
Hyundai Getz,https://xn-----elckbca4bdillxfezt3b3h.xn--p1ai/sites/default/files/public/styles/large/public/getz.jpg?itok=tOLQ-QqX,10 950,3 000,https://ремонт-рулевых-реек.рф/price/hyundai-getz
Hyundai Grandeur,https://xn-----elckbca4bdillxfezt3b3h.xn--p1ai/sites/default/files/public/styles/large/public/grandeur.jpg?itok=COeCJOZP,11 450,3 000,https://ремонт-рулевых-реек.рф/price/hyundai-grandeur
Hyundai I20,https://xn-----elckbca4bdillxfezt3b3h.xn--p1ai/sites/default/files/public/styles/large/public/i20.jpg?itok=0NrJ2Los,10 950,2 500,https://ремонт-рулевых-реек.рф/price/hyundai-i20
Hyundai I30,https://xn-----elckbca4bdillxfezt3b3h.xn--p1ai/sites/default/files/public/styles/large/public/i30.jpg?itok=Us8o_X33,11 450,2 500,https://ремонт-рулевых-реек.рф/price/hyundai-i30
Hyundai ix30,https://xn-----elckbca4bdillxfezt3b3h.xn--p1ai/sites/default/files/public/styles/large/public/i20_0.jpg?itok=XT3Xz6HG,11 450,2 500,https://ремонт-рулевых-реек.рф/price/hyundai-ix30
Hyundai ix35,https://xn-----elckbca4bdillxfezt3b3h.xn--p1ai/sites/default/files/public/styles/large/public/ix35.png?itok=bD1pDH-_,10 950,3 000,https://ремонт-рулевых-реек.рф/price/hyundai-ix35
Hyundai ix55,https://xn-----elckbca4bdillxfezt3b3h.xn--p1ai/sites/default/files/public/styles/large/public/hyundai_ix55.jpg?itok=IuDTg9Vu,11 450,3 000,https://ремонт-рулевых-реек.рф/price/hyundai-ix55
Hyundai Matrix,https://xn-----elckbca4bdillxfezt3b3h.xn--p1ai/sites/default/files/public/styles/large/public/matrix.jpg?itok=2GALzG8h,11 450,2 500,https://ремонт-рулевых-реек.рф/price/hyundai-matrix
Hyundai Santa Fe,https://xn-----elckbca4bdillxfezt3b3h.xn--p1ai/sites/default/files/public/styles/large/public/santafe.jpg?itok=IcSgkK_z,11 450,3 000,https://ремонт-рулевых-реек.рф/price/hyundai-santa-fe
Hyundai Solaris,https://xn-----elckbca4bdillxfezt3b3h.xn--p1ai/sites/default/files/public/styles/large/public/solaris_0.jpg?itok=P8Y_yKMK,10 950,3 000,https://ремонт-рулевых-реек.рф/price/hyundai-solaris
Hyundai Sonata,https://xn-----elckbca4bdillxfezt3b3h.xn--p1ai/sites/default/files/public/styles/large/public/sonata.jpg?itok=HChEAXvb,10 950,3 000,https://ремонт-рулевых-реек.рф/price/hyundai-sonata
Hyundai Starex,https://xn-----elckbca4bdillxfezt3b3h.xn--p1ai/sites/default/files/public/styles/large/public/starex.jpg?itok=aSNanrV1,11 450,3 000,https://ремонт-рулевых-реек.рф/price/hyundai-starex
Hyundai Tiburon,https://xn-----elckbca4bdillxfezt3b3h.xn--p1ai/sites/default/files/public/styles/large/public/tiburon.jpg?itok=y84EqGX0,11 450,3 000,https://ремонт-рулевых-реек.рф/price/hyundai-tiburon
Hyundai Tucson,https://xn-----elckbca4bdillxfezt3b3h.xn--p1ai/sites/default/files/public/styles/large/public/tucson.jpg?itok=jQcFYGmb,10 950,3 500,https://ремонт-рулевых-реек.рф/price/hyundai-tucson
Hyundai Verna,https://xn-----elckbca4bdillxfezt3b3h.xn--p1ai/sites/default/files/public/styles/large/public/verna.jpg?itok=GskWvylm,11 450,2 500,https://ремонт-рулевых-реек.рф/price/hyundai-verna
Mazda 2,https://xn-----elckbca4bdillxfezt3b3h.xn--p1ai/sites/default/files/public/styles/large/public/mazda-2_0.jpg?itok=Yhlg-ypX,9 950,2 500,https://ремонт-рулевых-реек.рф/price/mazda-2
Mazda 3,https://xn-----elckbca4bdillxfezt3b3h.xn--p1ai/sites/default/files/public/styles/large/public/mazda-3.jpg?itok=Ryu5wF7J,10 950,2 500,https://ремонт-рулевых-реек.рф/price/mazda-3
Mazda 323,https://xn-----elckbca4bdillxfezt3b3h.xn--p1ai/sites/default/files/public/styles/large/public/mazda-323.jpg?itok=z-xw34Iq,10 950,3 000,https://ремонт-рулевых-реек.рф/price/mazda-323
Mazda 6,https://xn-----elckbca4bdillxfezt3b3h.xn--p1ai/sites/default/files/public/styles/large/public/6_0.jpg?itok=cTTMoMNG,10 950,3 000,https://ремонт-рулевых-реек.рф/price/mazda-6
Mazda 626,https://xn-----elckbca4bdillxfezt3b3h.xn--p1ai/sites/default/files/public/styles/large/public/626_0.jpg?itok=3UQt1RdL,10 950,3 000,https://ремонт-рулевых-реек.рф/price/mazda-626
Mazda 929,https://xn-----elckbca4bdillxfezt3b3h.xn--p1ai/sites/default/files/public/styles/large/public/929.jpg?itok=AjGhCPye,10 950,3 000,https://ремонт-рулевых-реек.рф/price/mazda-929
Mazda Bongo,https://xn-----elckbca4bdillxfezt3b3h.xn--p1ai/sites/default/files/public/styles/large/public/bongo.png?itok=JIKnTZwj,10 950,3 000,https://ремонт-рулевых-реек.рф/price/mazda-bongo
Mazda CX-7,https://xn-----elckbca4bdillxfezt3b3h.xn--p1ai/sites/default/files/public/styles/large/public/cx_7.jpg?itok=W1UTZXV1,11 950,3 500,https://ремонт-рулевых-реек.рф/price/mazda-cx-7
Mazda CX-9,https://xn-----elckbca4bdillxfezt3b3h.xn--p1ai/sites/default/files/public/styles/large/public/cx_9.jpg?itok=xCv604OL,11 950,4 000,https://ремонт-рулевых-реек.рф/price/mazda-cx-9
Mazda Demio,https://xn-----elckbca4bdillxfezt3b3h.xn--p1ai/sites/default/files/public/styles/large/public/demio.jpg?itok=4E9Lav5v,10 950,3 000,https://ремонт-рулевых-реек.рф/price/mazda-demio
Mazda Familia,https://xn-----elckbca4bdillxfezt3b3h.xn--p1ai/sites/default/files/public/styles/large/public/familia_0.jpeg?itok=fPCQQNsp,10 950,3 000,https://ремонт-рулевых-реек.рф/price/mazda-familia
Mazda MPV,https://xn-----elckbca4bdillxfezt3b3h.xn--p1ai/sites/default/files/public/styles/large/public/mpv.jpg?itok=DInIjxxA,11 450,3 000,https://ремонт-рулевых-реек.рф/price/mazda-mpv
"Mazda Xedox 6,Xedox 9",https://xn-----elckbca4bdillxfezt3b3h.xn--p1ai/sites/default/files/public/styles/large/public/xedos.jpg?itok=c7vc0CP1,10 950,3 000,https://ремонт-рулевых-реек.рф/price/mazda-xedox-6xedox-9
Isuzu Rodeo,https://xn-----elckbca4bdillxfezt3b3h.xn--p1ai/sites/default/files/public/styles/large/public/rodeo.jpeg?itok=9er6Mq3Y,10 950,3 000,https://ремонт-рулевых-реек.рф/price/isuzu-rodeo
Isuzu Trooper,https://xn-----elckbca4bdillxfezt3b3h.xn--p1ai/sites/default/files/public/styles/large/public/trooper.png?itok=4zZAubbc,11 450,3 000,https://ремонт-рулевых-реек.рф/price/isuzu-trooper
Porsche 911,https://xn-----elckbca4bdillxfezt3b3h.xn--p1ai/sites/default/files/public/styles/large/public/911.jpg?itok=rdlskSuq,12 450,4 000,https://ремонт-рулевых-реек.рф/price/porsche-911
Porsche 944,https://xn-----elckbca4bdillxfezt3b3h.xn--p1ai/sites/default/files/public/styles/large/public/944.jpg?itok=xzMLnuFO,12 450,4 000,https://ремонт-рулевых-реек.рф/price/porsche-944
Porsche Cayenne,https://xn-----elckbca4bdillxfezt3b3h.xn--p1ai/sites/default/files/public/styles/large/public/cayenne.jpg?itok=oZWlIqwU,12 450,4 000,https://ремонт-рулевых-реек.рф/price/porsche-cayenne
Mercedes Benz R 129(SL),https://xn-----elckbca4bdillxfezt3b3h.xn--p1ai/sites/default/files/public/styles/large/public/novyi_17.png?itok=IW7AMaJ1,10 950,3 500,https://ремонт-рулевых-реек.рф/price/mercedes-benz-r-129sl
Mercedes Benz R 230(SL),https://xn-----elckbca4bdillxfezt3b3h.xn--p1ai/sites/default/files/public/styles/large/public/r230.jpg?itok=_GKCn0jt,12 950,3 500,https://ремонт-рулевых-реек.рф/price/mercedes-benz-r-230sl
Mercedes Benz Sprinter,https://xn-----elckbca4bdillxfezt3b3h.xn--p1ai/sites/default/files/public/styles/large/public/sprinter.jpg?itok=IAHqob_E,11 950,3 500,https://ремонт-рулевых-реек.рф/price/mercedes-benz-sprinter
Mercedes Benz Viano,https://xn-----elckbca4bdillxfezt3b3h.xn--p1ai/sites/default/files/public/styles/large/public/viano.jpg?itok=OrcQDlfD,11 950,4 000,https://ремонт-рулевых-реек.рф/price/mercedes-benz-viano
Mercedes Benz Vito,https://xn-----elckbca4bdillxfezt3b3h.xn--p1ai/sites/default/files/public/styles/large/public/vito.jpg?itok=cTlNydKZ,11 950,3 000,https://ремонт-рулевых-реек.рф/price/mercedes-benz-vito
Mercedes Benz W 163 55 AMG c/c,https://xn-----elckbca4bdillxfezt3b3h.xn--p1ai/sites/default/files/public/styles/large/public/w163_0.jpg?itok=_gwxbJwq,12 950,3 500,https://ремонт-рулевых-реек.рф/price/mercedes-benz-w-163-55-amg-cc
Mercedes Benz W 163(M),https://xn-----elckbca4bdillxfezt3b3h.xn--p1ai/sites/default/files/public/styles/large/public/w163.jpg?itok=wK7nqu22,11 950,3 500,https://ремонт-рулевых-реек.рф/price/mercedes-benz-w-163m
Mercedes Benz W 168 (A),https://xn-----elckbca4bdillxfezt3b3h.xn--p1ai/sites/default/files/public/styles/large/public/w168.jpg?itok=nowaDtJf,10 950,3 000,https://ремонт-рулевых-реек.рф/price/mercedes-benz-w-168
Mercedes Benz W 202 (С),https://xn-----elckbca4bdillxfezt3b3h.xn--p1ai/sites/default/files/public/styles/large/public/202.jpg?itok=L4aq6xro,10 950,3 000,https://ремонт-рулевых-реек.рф/price/mercedes-benz-w-202-s
Mercedes Benz W 203 (С),https://xn-----elckbca4bdillxfezt3b3h.xn--p1ai/sites/default/files/public/styles/large/public/w203.jpg?itok=QXeaP9pS,12 450,3 000,https://ремонт-рулевых-реек.рф/price/mercedes-benz-w-203-s
Mercedes Benz W 208 (CLK),https://xn-----elckbca4bdillxfezt3b3h.xn--p1ai/sites/default/files/public/styles/large/public/208.png?itok=NA42OFZ6,11 450,3 000,https://ремонт-рулевых-реек.рф/price/mercedes-benz-w-208-clk
Mercedes Benz W 209 (CLK),https://xn-----elckbca4bdillxfezt3b3h.xn--p1ai/sites/default/files/public/styles/large/public/w209_clk_class.jpg?itok=zfhmraN7,12 950,3 500,https://ремонт-рулевых-реек.рф/price/mercedes-benz-w-209-clk
Mercedes Benz W 210 (E),https://xn-----elckbca4bdillxfezt3b3h.xn--p1ai/sites/default/files/public/styles/large/public/razbor-mercedes-w210-42l-m45222.jpg?itok=sLnuKw6E,11 450,3 000,https://ремонт-рулевых-реек.рф/price/mercedes-benz-w-210-e
Mercedes Benz W 211 (E),https://xn-----elckbca4bdillxfezt3b3h.xn--p1ai/sites/default/files/public/styles/large/public/w211.jpg?itok=ZWdOnY6q,11 950,3 000,https://ремонт-рулевых-реек.рф/price/mercedes-benz-w-211-e
Mercedes Benz W 215 (CL),https://xn-----elckbca4bdillxfezt3b3h.xn--p1ai/sites/default/files/public/styles/large/public/w215.jpg?itok=nQvePgxf,11 950,3 000,https://ремонт-рулевых-реек.рф/price/mercedes-benz-w-215-cl
Mercedes Benz W 220 (S) 4x4,https://xn-----elckbca4bdillxfezt3b3h.xn--p1ai/sites/default/files/public/styles/large/public/s-class-w220.jpg?itok=VM1fMsdB,12 950,3 500,https://ремонт-рулевых-реек.рф/price/mercedes-benz-w-220-s-4x4
Mercedes Benz W 220(S),https://xn-----elckbca4bdillxfezt3b3h.xn--p1ai/sites/default/files/public/styles/large/public/s-class-w220_0.jpg?itok=zdewXJuW,11 950,3 000,https://ремонт-рулевых-реек.рф/price/mercedes-benz-w-220s
"Mercedes Benz W 460,W 463(G)",https://xn-----elckbca4bdillxfezt3b3h.xn--p1ai/sites/default/files/public/styles/large/public/w463_0.jpg?itok=HiBRkD5P,11 950,4 000,https://ремонт-рулевых-реек.рф/price/mercedes-benz-w-460w-463g
Mercedes Benz W124(E),https://xn-----elckbca4bdillxfezt3b3h.xn--p1ai/sites/default/files/public/styles/large/public/1_0.png?itok=WI1fnDFQ,10 950,3 000,https://ремонт-рулевых-реек.рф/price/mercedes-benz-w124e
Mercedes Benz W126(S),https://xn-----elckbca4bdillxfezt3b3h.xn--p1ai/sites/default/files/public/styles/large/public/46.jpg?itok=Z-shwcWw,10 950,3 000,https://ремонт-рулевых-реек.рф/price/mercedes-benz-w126s
Mercedes Benz W140(S),https://xn-----elckbca4bdillxfezt3b3h.xn--p1ai/sites/default/files/public/styles/large/public/w140.jpg?itok=xv6E2AEY,11 450,3 000,https://ремонт-рулевых-реек.рф/price/mercedes-benz-w140s
Opel Astra F,https://xn-----elckbca4bdillxfezt3b3h.xn--p1ai/sites/default/files/public/styles/large/public/astra_f.jpg?itok=Hbl9kqG6,10 950,3 000,https://ремонт-рулевых-реек.рф/price/opel-astra-f
Opel Astra G,https://xn-----elckbca4bdillxfezt3b3h.xn--p1ai/sites/default/files/public/styles/large/public/astra_g.jpg?itok=jTk6dDAT,10 950,3 000,https://ремонт-рулевых-реек.рф/price/opel-astra-g
Opel Astra H,https://xn-----elckbca4bdillxfezt3b3h.xn--p1ai/sites/default/files/public/styles/large/public/astra_h.jpg?itok=K8EwfpKA,10 950,3 000,https://ремонт-рулевых-реек.рф/price/opel-astra-h
Opel Calibra,https://xn-----elckbca4bdillxfezt3b3h.xn--p1ai/sites/default/files/public/styles/large/public/calibra_0.png?itok=DfAp4Hzx,10 950,3 000,https://ремонт-рулевых-реек.рф/price/opel-calibra
Opel Corsa,https://xn-----elckbca4bdillxfezt3b3h.xn--p1ai/sites/default/files/public/styles/large/public/corsa.jpg?itok=RDzfh50v,10 950,2 500,https://ремонт-рулевых-реек.рф/price/opel-corsa
Opel Frontera A,https://xn-----elckbca4bdillxfezt3b3h.xn--p1ai/sites/default/files/public/styles/large/public/frontera_a_0.png?itok=lHye8hCI,10 950,3 000,https://ремонт-рулевых-реек.рф/price/opel-frontera
Opel Frontera B,https://xn-----elckbca4bdillxfezt3b3h.xn--p1ai/sites/default/files/public/styles/large/public/frontera_b.jpg?itok=LPt0eLj7,10 950,3 000,https://ремонт-рулевых-реек.рф/price/opel-frontera-b
Opel Monterey,https://xn-----elckbca4bdillxfezt3b3h.xn--p1ai/sites/default/files/public/styles/large/public/opel-monterey.png?itok=_uMyBvKi,10 950,3 500,https://ремонт-рулевых-реек.рф/price/opel-monterey
Opel Omega A,https://xn-----elckbca4bdillxfezt3b3h.xn--p1ai/sites/default/files/public/styles/large/public/omega_a_0.png?itok=k4U35sx4,10 950,3 000,https://ремонт-рулевых-реек.рф/price/opel-omega
Opel Omega B,https://xn-----elckbca4bdillxfezt3b3h.xn--p1ai/sites/default/files/public/styles/large/public/omega_b.jpg?itok=cZ0c9Edb,10 950,3 000,https://ремонт-рулевых-реек.рф/price/opel-omega-b
Opel Tigra,https://xn-----elckbca4bdillxfezt3b3h.xn--p1ai/sites/default/files/public/styles/large/public/tigra.jpg?itok=EGa1nZoH,10 950,3 000,https://ремонт-рулевых-реек.рф/price/opel-tigra
Opel Vectra A,https://xn-----elckbca4bdillxfezt3b3h.xn--p1ai/sites/default/files/public/styles/large/public/vectra_a.jpeg?itok=lx2K1Sm7,10 950,3 000,https://ремонт-рулевых-реек.рф/price/opel-vectra
Opel Vectra B,https://xn-----elckbca4bdillxfezt3b3h.xn--p1ai/sites/default/files/public/styles/large/public/vectra_b.jpg?itok=q2Shp2d1,11 450,3 000,https://ремонт-рулевых-реек.рф/price/opel-vectra-b
Opel Vectra C,https://xn-----elckbca4bdillxfezt3b3h.xn--p1ai/sites/default/files/public/styles/large/public/vectra_c.jpg?itok=JXXQ8DoO,11 450,3 000,https://ремонт-рулевых-реек.рф/price/opel-vectra-c
Opel Zafira,https://xn-----elckbca4bdillxfezt3b3h.xn--p1ai/sites/default/files/public/styles/large/public/zafira.jpg?itok=hIxg8dmz,10 950,3 000,https://ремонт-рулевых-реек.рф/price/opel-zafira
Ssang Yong Actyon,https://xn-----elckbca4bdillxfezt3b3h.xn--p1ai/sites/default/files/public/styles/large/public/337bf442d4.jpeg?itok=O-ZFnCAs,10 950,3 000,https://ремонт-рулевых-реек.рф/price/ssang-yong-actyon
Ssang Yong Korando,https://xn-----elckbca4bdillxfezt3b3h.xn--p1ai/sites/default/files/public/styles/large/public/korando-c-suv-ext.jpg?itok=Lyge2wwc,10 950,3 000,https://ремонт-рулевых-реек.рф/price/ssang-yong-korando
Ssang Yong Kyron,https://xn-----elckbca4bdillxfezt3b3h.xn--p1ai/sites/default/files/public/styles/large/public/kyron.jpg?itok=0uDwMJrx,10 950,3 000,https://ремонт-рулевых-реек.рф/price/ssang-yong-kyron
Ssang Yong Musso,https://xn-----elckbca4bdillxfezt3b3h.xn--p1ai/sites/default/files/public/styles/large/public/musso.jpg?itok=MtCgly4g,10 950,3 500,https://ремонт-рулевых-реек.рф/price/ssang-yong-musso
Ssang Yong Rexton,https://xn-----elckbca4bdillxfezt3b3h.xn--p1ai/sites/default/files/public/styles/large/public/rexton.jpg?itok=RlW0ukN3,11 450,3 000,https://ремонт-рулевых-реек.рф/price/ssang-yong-rexton
Subaru Forester,https://xn-----elckbca4bdillxfezt3b3h.xn--p1ai/sites/default/files/public/styles/large/public/9af68fca.jpg?itok=ijXwlFLJ,10 950,3 000,https://ремонт-рулевых-реек.рф/price/subaru-forester
Subaru Impreza,https://xn-----elckbca4bdillxfezt3b3h.xn--p1ai/sites/default/files/public/styles/large/public/impreza.jpg?itok=JajSM9Le,10 950,3 000,https://ремонт-рулевых-реек.рф/price/subaru-impreza
Subaru Legacy,https://xn-----elckbca4bdillxfezt3b3h.xn--p1ai/sites/default/files/public/styles/large/public/legacy.jpg?itok=gSw8jrdk,11 450,3 000,https://ремонт-рулевых-реек.рф/price/subaru-legacy
Subaru Outback,https://xn-----elckbca4bdillxfezt3b3h.xn--p1ai/sites/default/files/public/styles/large/public/outback-navy-blue_0.jpg?itok=60jZMc5d,10 950,3 000,https://ремонт-рулевых-реек.рф/price/subaru-outback
Subaru Tribeca,https://xn-----elckbca4bdillxfezt3b3h.xn--p1ai/sites/default/files/public/styles/large/public/05.jpeg?itok=6dlsH6uc,11 950,3 500,https://ремонт-рулевых-реек.рф/price/subaru-tribeca
Rover 200,https://xn-----elckbca4bdillxfezt3b3h.xn--p1ai/sites/default/files/public/styles/large/public/200_0.png?itok=ow5JWvAY,11 450,3 000,https://ремонт-рулевых-реек.рф/price/rover-200
Rover 400,https://xn-----elckbca4bdillxfezt3b3h.xn--p1ai/sites/default/files/public/styles/large/public/400.png?itok=qwkVC1k9,11 450,3 000,https://ремонт-рулевых-реек.рф/price/rover-400
Rover 75,https://xn-----elckbca4bdillxfezt3b3h.xn--p1ai/sites/default/files/public/styles/large/public/rover-75-1999-2004-1-450x350.jpg?itok=yPg1JKtg,11 450,3 500,https://ремонт-рулевых-реек.рф/price/rover-75
Toyota 4-Runner,https://xn-----elckbca4bdillxfezt3b3h.xn--p1ai/sites/default/files/public/styles/large/public/4runner.jpg?itok=CpwLHFm9,10 950,3 000,https://ремонт-рулевых-реек.рф/price/toyota-4-runner
Toyota Aristо,https://xn-----elckbca4bdillxfezt3b3h.xn--p1ai/sites/default/files/public/styles/large/public/arista.jpg?itok=HPkl-yoH,10 950,3 500,https://ремонт-рулевых-реек.рф/price/toyota-aristo
Toyota Auris,https://xn-----elckbca4bdillxfezt3b3h.xn--p1ai/sites/default/files/public/styles/large/public/auris_0.jpg?itok=fXZZhiDi,10 950,2 500,https://ремонт-рулевых-реек.рф/price/toyota-auris
Toyota Avensis,https://xn-----elckbca4bdillxfezt3b3h.xn--p1ai/sites/default/files/public/styles/large/public/avensis.png?itok=UVYXp6f8,10 450,3 000,https://ремонт-рулевых-реек.рф/price/toyota-avensis
Toyota Caldina,https://xn-----elckbca4bdillxfezt3b3h.xn--p1ai/sites/default/files/public/styles/large/public/caldina.jpg?itok=Ma39sClm,10 950,3 000,https://ремонт-рулевых-реек.рф/price/toyota-caldina
Toyota Camry,https://xn-----elckbca4bdillxfezt3b3h.xn--p1ai/sites/default/files/public/styles/large/public/camry.jpg?itok=ZbuM8v9H,11 450,3 000,https://ремонт-рулевых-реек.рф/price/toyota-camry
Toyota Carina,https://xn-----elckbca4bdillxfezt3b3h.xn--p1ai/sites/default/files/public/styles/large/public/carina1_1521984346_176.62.98.170.jpg?itok=6k4KS1LB,10 950,3 000,https://ремонт-рулевых-реек.рф/price/toyota-carina
Toyota Celica,https://xn-----elckbca4bdillxfezt3b3h.xn--p1ai/sites/default/files/public/styles/large/public/celica.jpeg?itok=fbAtbiYD,10 950,3 000,https://ремонт-рулевых-реек.рф/price/toyota-celica
Toyota Corolla,https://xn-----elckbca4bdillxfezt3b3h.xn--p1ai/sites/default/files/public/styles/large/public/corolla.jpg?itok=NDuYqs1Y,9 950,2 500,https://ремонт-рулевых-реек.рф/price/toyota-corolla
Toyota Crown,https://xn-----elckbca4bdillxfezt3b3h.xn--p1ai/sites/default/files/public/styles/large/public/crown.jpg?itok=7FR-6MRZ,10 950,3 000,https://ремонт-рулевых-реек.рф/price/toyota-crown
Toyota Estima,https://xn-----elckbca4bdillxfezt3b3h.xn--p1ai/sites/default/files/public/styles/large/public/estima.jpg?itok=xjVXorlT,10 950,3 000,https://ремонт-рулевых-реек.рф/price/toyota-estima
Toyota Highlander,https://xn-----elckbca4bdillxfezt3b3h.xn--p1ai/sites/default/files/public/styles/large/public/highlander.jpg?itok=Ws-oqrGq,11 450,3 000,https://ремонт-рулевых-реек.рф/price/toyota-highlander
Toyota Hilux,https://xn-----elckbca4bdillxfezt3b3h.xn--p1ai/sites/default/files/public/styles/large/public/hilux.jpg?itok=QltmKlXd,10 950,3 000,https://ремонт-рулевых-реек.рф/price/toyota-hilux
Toyota Land Cruiser 100,https://xn-----elckbca4bdillxfezt3b3h.xn--p1ai/sites/default/files/public/styles/large/public/lend_kruzer_100.jpg?itok=NGBYPO7b,12 450,4 000,https://ремонт-рулевых-реек.рф/price/toyota-land-cruiser-100
Toyota Land Cruiser 100 Diesel,https://xn-----elckbca4bdillxfezt3b3h.xn--p1ai/sites/default/files/public/styles/large/public/lk_100_dizel.jpg?itok=UeCqwIgq,12 450,4 500,https://ремонт-рулевых-реек.рф/price/toyota-land-cruiser-100-diesel
Toyota Land Cruiser 200,https://xn-----elckbca4bdillxfezt3b3h.xn--p1ai/sites/default/files/public/styles/large/public/land-cruiser.jpg?itok=rgqkLGnC,12 450,4 500,https://ремонт-рулевых-реек.рф/price/toyota-land-cruiser-200
Toyota Land Cruiser Prado 120,https://xn-----elckbca4bdillxfezt3b3h.xn--p1ai/sites/default/files/public/styles/large/public/prado_120_0.jpg?itok=ECzQH649,12 450,3 500,https://ремонт-рулевых-реек.рф/price/toyota-land-cruiser-prado-120
Toyota Land Cruiser Prado 150,https://xn-----elckbca4bdillxfezt3b3h.xn--p1ai/sites/default/files/public/styles/large/public/prado_150.jpg?itok=IvD3adaW,12 450,4 000,https://ремонт-рулевых-реек.рф/price/toyota-land-cruiser-prado-150
Toyota Mark II,https://xn-----elckbca4bdillxfezt3b3h.xn--p1ai/sites/default/files/public/styles/large/public/mark_ii.jpg?itok=hM2Nm5xN,10 950,2 500,https://ремонт-рулевых-реек.рф/price/toyota-mark-ii
Toyota Matrix,https://xn-----elckbca4bdillxfezt3b3h.xn--p1ai/sites/default/files/public/styles/large/public/matrix.jpeg?itok=v0qPDr-B,10 950,3 000,https://ремонт-рулевых-реек.рф/price/toyota-matrix
Toyota Picnic,https://xn-----elckbca4bdillxfezt3b3h.xn--p1ai/sites/default/files/public/styles/large/public/picnic.jpg?itok=mjWyBokv,10 950,3 000,https://ремонт-рулевых-реек.рф/price/toyota-picnic
Toyota Prius,https://xn-----elckbca4bdillxfezt3b3h.xn--p1ai/sites/default/files/public/styles/large/public/prius.jpg?itok=CU8NovMj,10 450,2 500,https://ремонт-рулевых-реек.рф/price/toyota-prius
Toyota RAV 4 20,https://xn-----elckbca4bdillxfezt3b3h.xn--p1ai/sites/default/files/public/styles/large/public/rav4.jpg?itok=vYUumADi,10 950,3 000,https://ремонт-рулевых-реек.рф/price/toyota-rav-4-20
Toyota RAV 4 30,https://xn-----elckbca4bdillxfezt3b3h.xn--p1ai/sites/default/files/public/styles/large/public/toyota-rav-4-2005-2010.jpg?itok=a3UdlvYp,10 950,2 500,https://ремонт-рулевых-реек.рф/price/toyota-rav-4-30
Toyota RAV 4 40,https://xn-----elckbca4bdillxfezt3b3h.xn--p1ai/sites/default/files/public/styles/large/public/toyota-rav4.png?itok=RiJBUJlX,10 950,2 500,https://ремонт-рулевых-реек.рф/price/toyota-rav-4-40
Toyota Sequoia,https://xn-----elckbca4bdillxfezt3b3h.xn--p1ai/sites/default/files/public/styles/large/public/sequoia.jpeg?itok=XrlWx7Hc,11 450,3 000,https://ремонт-рулевых-реек.рф/price/toyota-sequoia
Toyota Sienna,https://xn-----elckbca4bdillxfezt3b3h.xn--p1ai/sites/default/files/public/styles/large/public/sienna.jpg?itok=8wOUKQtV,10 950,3 000,https://ремонт-рулевых-реек.рф/price/toyota-sienna
Toyota Tundra,https://xn-----elckbca4bdillxfezt3b3h.xn--p1ai/sites/default/files/public/styles/large/public/tundra.jpg?itok=LYZIUXVp,11 950,4 000,https://ремонт-рулевых-реек.рф/price/toyota-tundra
Toyota Venza,https://xn-----elckbca4bdillxfezt3b3h.xn--p1ai/sites/default/files/public/styles/large/public/venza.jpg?itok=RrdY_e1Z,11 950,3 000,https://ремонт-рулевых-реек.рф/price/toyota-venza
Toyota Vista,https://xn-----elckbca4bdillxfezt3b3h.xn--p1ai/sites/default/files/public/styles/large/public/vista.jpg?itok=fyIgdWQP,10 950,3 000,https://ремонт-рулевых-реек.рф/price/toyota-vista
Toyota Vitz,https://xn-----elckbca4bdillxfezt3b3h.xn--p1ai/sites/default/files/public/styles/large/public/vitz.jpg?itok=ncyv7KYH,10 450,3 000,https://ремонт-рулевых-реек.рф/price/toyota-vitz
Toyota Wish,https://xn-----elckbca4bdillxfezt3b3h.xn--p1ai/sites/default/files/public/styles/large/public/wish.jpg?itok=tTPn9TJO,9 950,2 500,https://ремонт-рулевых-реек.рф/price/toyota-wish
Toyota Yaris,https://xn-----elckbca4bdillxfezt3b3h.xn--p1ai/sites/default/files/public/styles/large/public/yaris.jpg?itok=YmPJDV3d,10 450,2 500,https://ремонт-рулевых-реек.рф/price/toyota-yaris
